latitude;longitude;speed;date;;;;24/05/2018 Carlos
36.72335333;-4.422085;0;Thu May 24 14:23:35 GMT+02:00 2018;;;;08:00 De casa a la Escuela (bici)
36.72351833;-4.422355;0;Thu May 24 14:19:44 GMT+02:00 2018;;;;11:00 De la Escuela a la Desembocadura (bici)
36.72348167;-4.422693333;9.67214489;Thu May 24 14:19:07 GMT+02:00 2018;;;;13:30 De la Desembocadura a casa (bici)
36.72371;-4.422465;6.113355637;Thu May 24 14:19:03 GMT+02:00 2018;;;;
36.72381;-4.422093333;0;Thu May 24 14:18:27 GMT+02:00 2018;;;;
36.72351333;-4.422461667;1.838073015;Thu May 24 14:15:47 GMT+02:00 2018;;;;
36.723745;-4.422635;2.143303394;Thu May 24 14:15:32 GMT+02:00 2018;;;;
36.7237;-4.42297;3.131570101;Thu May 24 14:15:19 GMT+02:00 2018;;;;
36.72354833;-4.423281667;4.122924805;Thu May 24 14:15:12 GMT+02:00 2018;;;;
36.723325;-4.423531667;4.684486866;Thu May 24 14:15:05 GMT+02:00 2018;;;;
36.72309;-4.423773333;4.276312351;Thu May 24 14:14:58 GMT+02:00 2018;;;;
36.72284;-4.42399;3.732765436;Thu May 24 14:14:52 GMT+02:00 2018;;;;
36.722615;-4.424236667;3.811517954;Thu May 24 14:14:46 GMT+02:00 2018;;;;
36.72232667;-4.424313333;5.34539032;Thu May 24 14:14:40 GMT+02:00 2018;;;;
36.72208833;-4.424551667;5.451937675;Thu May 24 14:14:35 GMT+02:00 2018;;;;
36.72189333;-4.424791667;4.933097839;Thu May 24 14:14:30 GMT+02:00 2018;;;;
36.72167667;-4.425061667;5.074646473;Thu May 24 14:14:24 GMT+02:00 2018;;;;
36.721435;-4.425251667;5.154428482;Thu May 24 14:14:19 GMT+02:00 2018;;;;
36.72116;-4.425353333;5.46995306;Thu May 24 14:14:14 GMT+02:00 2018;;;;
36.720885;-4.42531;4.861036777;Thu May 24 14:14:08 GMT+02:00 2018;;;;
36.72062;-4.425403333;2.808839083;Thu May 24 14:13:36 GMT+02:00 2018;;;;
36.72033667;-4.425403333;2.609127045;Thu May 24 14:13:27 GMT+02:00 2018;;;;
36.72016833;-4.425671667;3.98755312;Thu May 24 14:13:17 GMT+02:00 2018;;;;
36.71989833;-4.425731667;4.29020977;Thu May 24 14:13:10 GMT+02:00 2018;;;;
36.71962833;-4.425788333;4.307710171;Thu May 24 14:13:03 GMT+02:00 2018;;;;
36.71936;-4.425853333;4.184691429;Thu May 24 14:12:56 GMT+02:00 2018;;;;
36.7191;-4.425963333;3.386872292;Thu May 24 14:12:48 GMT+02:00 2018;;;;
36.719135;-4.426313333;3.765707731;Thu May 24 14:12:41 GMT+02:00 2018;;;;
36.71906833;-4.42665;3.335914612;Thu May 24 14:12:33 GMT+02:00 2018;;;;
36.71894167;-4.426988333;3.775487423;Thu May 24 14:12:25 GMT+02:00 2018;;;;
36.718885;-4.427353333;4.337049484;Thu May 24 14:12:18 GMT+02:00 2018;;;;
36.718775;-4.427706667;3.8120327;Thu May 24 14:12:11 GMT+02:00 2018;;;;
36.718645;-4.428055;4.583086491;Thu May 24 14:12:05 GMT+02:00 2018;;;;
36.71848;-4.428325;4.864124775;Thu May 24 14:12:00 GMT+02:00 2018;;;;
36.71827;-4.428551667;2.817589521;Thu May 24 14:11:54 GMT+02:00 2018;;;;
36.718125;-4.42888;3.945345879;Thu May 24 14:11:47 GMT+02:00 2018;;;;
36.717945;-4.429133333;3.610261679;Thu May 24 14:11:33 GMT+02:00 2018;;;;
36.71770333;-4.429285;4.424037457;Thu May 24 14:10:50 GMT+02:00 2018;;;;
36.71744333;-4.42938;4.082262039;Thu May 24 14:10:42 GMT+02:00 2018;;;;
36.71741333;-4.429756667;2.38419342;Thu May 24 14:10:33 GMT+02:00 2018;;;;
36.71712167;-4.429993333;4.501245975;Thu May 24 14:09:33 GMT+02:00 2018;;;;
36.71695167;-4.430296667;0;Thu May 24 14:08:57 GMT+02:00 2018;;;;
36.71667333;-4.430353333;0;Thu May 24 14:08:29 GMT+02:00 2018;;;;
36.71642167;-4.43049;3.079583168;Thu May 24 14:08:20 GMT+02:00 2018;;;;
36.71620833;-4.430701667;2.899945021;Thu May 24 14:08:02 GMT+02:00 2018;;;;
36.71615333;-4.43105;3.156791449;Thu May 24 14:07:52 GMT+02:00 2018;;;;
36.71593167;-4.431278333;1.874618292;Thu May 24 14:06:57 GMT+02:00 2018;;;;
36.71565;-4.4313;5.439584255;Thu May 24 14:06:50 GMT+02:00 2018;;;;
36.71534667;-4.431406667;5.195091248;Thu May 24 14:06:44 GMT+02:00 2018;;;;
36.71508833;-4.431591667;5.710328102;Thu May 24 14:06:39 GMT+02:00 2018;;;;
36.71487;-4.431801667;5.119427204;Thu May 24 14:06:35 GMT+02:00 2018;;;;
36.714595;-4.431985;5.307815552;Thu May 24 14:06:29 GMT+02:00 2018;;;;
36.71431667;-4.43215;4.672133446;Thu May 24 14:06:23 GMT+02:00 2018;;;;
36.71402333;-4.432093333;3.381210327;Thu May 24 14:06:13 GMT+02:00 2018;;;;
36.71373833;-4.43207;2.596258879;Thu May 24 14:06:02 GMT+02:00 2018;;;;
36.71351333;-4.43187;5.218254089;Thu May 24 14:05:54 GMT+02:00 2018;;;;
36.71328;-4.431625;4.901699543;Thu May 24 14:05:47 GMT+02:00 2018;;;;
36.71302167;-4.431431667;3.13929081;Thu May 24 14:05:39 GMT+02:00 2018;;;;
36.71275667;-4.431503333;1.952341437;Thu May 24 14:05:06 GMT+02:00 2018;;;;
36.71247;-4.431511667;3.271059752;Thu May 24 14:04:55 GMT+02:00 2018;;;;
36.71224833;-4.431296667;3.606143951;Thu May 24 14:04:49 GMT+02:00 2018;;;;
36.71201;-4.431128333;4.908905983;Thu May 24 14:04:42 GMT+02:00 2018;;;;
36.71174333;-4.430921667;4.766327858;Thu May 24 14:04:36 GMT+02:00 2018;;;;
36.71149;-4.430705;4.420434475;Thu May 24 14:04:31 GMT+02:00 2018;;;;
36.71124833;-4.430451667;4.608822823;Thu May 24 14:04:25 GMT+02:00 2018;;;;
36.71107;-4.430176667;5.665032864;Thu May 24 14:04:20 GMT+02:00 2018;;;;
36.71085333;-4.429921667;5.222886562;Thu May 24 14:04:15 GMT+02:00 2018;;;;
36.710695;-4.429553333;4.644853115;Thu May 24 14:04:12 GMT+02:00 2018;;;;
36.71046333;-4.429276667;2.110361099;Thu May 24 14:04:06 GMT+02:00 2018;;;;
36.71021833;-4.429128333;3.464080572;Thu May 24 14:03:56 GMT+02:00 2018;;;;
36.70999833;-4.428858333;2.981785774;Thu May 24 14:03:49 GMT+02:00 2018;;;;
36.7098;-4.428626667;3.567024946;Thu May 24 14:03:41 GMT+02:00 2018;;;;
36.70960333;-4.42839;3.061567783;Thu May 24 14:03:33 GMT+02:00 2018;;;;
36.70934833;-4.428198333;2.240585804;Thu May 24 14:03:21 GMT+02:00 2018;;;;
36.70911;-4.428385;3.846519232;Thu May 24 14:03:12 GMT+02:00 2018;;;;
36.70889833;-4.428621667;4.466244698;Thu May 24 14:03:06 GMT+02:00 2018;;;;
36.70868;-4.428821667;3.452241898;Thu May 24 14:02:59 GMT+02:00 2018;;;;
36.70844167;-4.429055;3.645262718;Thu May 24 14:02:52 GMT+02:00 2018;;;;
36.70819833;-4.429286667;4.40241909;Thu May 24 14:02:45 GMT+02:00 2018;;;;
36.70796833;-4.429513333;4.523893833;Thu May 24 14:02:39 GMT+02:00 2018;;;;
36.707735;-4.429781667;4.668530464;Thu May 24 14:02:34 GMT+02:00 2018;;;;
36.70750167;-4.429993333;5.050969124;Thu May 24 14:02:29 GMT+02:00 2018;;;;
36.70725667;-4.430248333;5.271784782;Thu May 24 14:02:23 GMT+02:00 2018;;;;
36.70698833;-4.430461667;4.039539814;Thu May 24 14:02:16 GMT+02:00 2018;;;;
36.70672333;-4.43061;3.720412254;Thu May 24 14:02:08 GMT+02:00 2018;;;;
36.70647833;-4.430826667;4.812138081;Thu May 24 14:01:59 GMT+02:00 2018;;;;
36.70623;-4.431073333;4.40499258;Thu May 24 14:01:54 GMT+02:00 2018;;;;
36.70599333;-4.431285;3.995273829;Thu May 24 14:01:49 GMT+02:00 2018;;;;
36.70574667;-4.431456667;4.355064869;Thu May 24 14:01:43 GMT+02:00 2018;;;;
36.7055;-4.431661667;3.919609785;Thu May 24 14:01:36 GMT+02:00 2018;;;;
36.70528333;-4.431883333;5.142075062;Thu May 24 14:01:30 GMT+02:00 2018;;;;
36.70505333;-4.432065;4.584630966;Thu May 24 14:01:25 GMT+02:00 2018;;;;
36.70480333;-4.43224;4.340652466;Thu May 24 14:01:19 GMT+02:00 2018;;;;
36.70451333;-4.432363333;4.554777145;Thu May 24 14:01:13 GMT+02:00 2018;;;;
36.70427;-4.432543333;5.354655266;Thu May 24 14:01:08 GMT+02:00 2018;;;;
36.70403833;-4.432773333;5.090087891;Thu May 24 14:01:04 GMT+02:00 2018;;;;
36.70381833;-4.432973333;5.098838329;Thu May 24 14:00:59 GMT+02:00 2018;;;;
36.70352667;-4.43315;3.692102432;Thu May 24 14:00:54 GMT+02:00 2018;;;;
36.70322833;-4.433206667;3.810488701;Thu May 24 14:00:44 GMT+02:00 2018;;;;
36.70302667;-4.433455;4.029760361;Thu May 24 14:00:37 GMT+02:00 2018;;;;
36.70273667;-4.433508333;4.189324379;Thu May 24 14:00:23 GMT+02:00 2018;;;;
36.70246167;-4.43355;4.04623127;Thu May 24 13:59:59 GMT+02:00 2018;;;;
36.70222;-4.433701667;4.899126053;Thu May 24 13:59:53 GMT+02:00 2018;;;;
36.70196833;-4.43388;4.785372734;Thu May 24 13:59:47 GMT+02:00 2018;;;;
36.70176833;-4.434146667;5.338698864;Thu May 24 13:59:41 GMT+02:00 2018;;;;
36.70155;-4.43439;4.861036777;Thu May 24 13:59:35 GMT+02:00 2018;;;;
36.70132167;-4.434638333;5.320683479;Thu May 24 13:59:29 GMT+02:00 2018;;;;
36.70113;-4.43488;5.384509087;Thu May 24 13:59:24 GMT+02:00 2018;;;;
36.700915;-4.435118333;5.711872578;Thu May 24 13:59:19 GMT+02:00 2018;;;;
36.70068667;-4.435375;5.541499615;Thu May 24 13:59:13 GMT+02:00 2018;;;;
36.70042;-4.435556667;4.831697464;Thu May 24 13:59:06 GMT+02:00 2018;;;;
36.700155;-4.435695;4.646912098;Thu May 24 13:58:59 GMT+02:00 2018;;;;
36.70000833;-4.435983333;3.368342161;Thu May 24 13:58:52 GMT+02:00 2018;;;;
36.699825;-4.43626;4.373079777;Thu May 24 13:58:43 GMT+02:00 2018;;;;
36.69958333;-4.436451667;5.544073105;Thu May 24 13:58:37 GMT+02:00 2018;;;;
36.69940833;-4.43673;5.792169094;Thu May 24 13:58:32 GMT+02:00 2018;;;;
36.69915;-4.436845;6.48652935;Thu May 24 13:58:27 GMT+02:00 2018;;;;
36.69891833;-4.43706;6.333656788;Thu May 24 13:58:22 GMT+02:00 2018;;;;
36.69862333;-4.437231667;5.801949024;Thu May 24 13:58:16 GMT+02:00 2018;;;;
36.69835833;-4.437398333;4.987143517;Thu May 24 13:58:10 GMT+02:00 2018;;;;
36.6981;-4.43756;3.513493776;Thu May 24 13:58:02 GMT+02:00 2018;;;;
36.69785667;-4.43772;4.728238106;Thu May 24 13:57:55 GMT+02:00 2018;;;;
36.69759167;-4.437873333;3.962331772;Thu May 24 13:57:48 GMT+02:00 2018;;;;
36.69733167;-4.438033333;3.841886759;Thu May 24 13:57:20 GMT+02:00 2018;;;;
36.69705667;-4.438208333;4.863610268;Thu May 24 13:57:12 GMT+02:00 2018;;;;
36.696815;-4.438423333;5.486423969;Thu May 24 13:57:06 GMT+02:00 2018;;;;
36.69657667;-4.438685;5.750476837;Thu May 24 13:57:01 GMT+02:00 2018;;;;
36.69632833;-4.438898333;6.070633888;Thu May 24 13:56:56 GMT+02:00 2018;;;;
36.69604333;-4.4391;5.430834293;Thu May 24 13:56:50 GMT+02:00 2018;;;;
36.69582;-4.439331667;6.210123539;Thu May 24 13:56:45 GMT+02:00 2018;;;;
36.69559;-4.439568333;5.721652031;Thu May 24 13:56:40 GMT+02:00 2018;;;;
36.69535333;-4.439785;5.653193951;Thu May 24 13:56:35 GMT+02:00 2018;;;;
36.69507333;-4.439973333;5.799890041;Thu May 24 13:56:29 GMT+02:00 2018;;;;
36.69482;-4.440121667;6.108723164;Thu May 24 13:56:24 GMT+02:00 2018;;;;
36.69457;-4.44028;5.47973299;Thu May 24 13:56:19 GMT+02:00 2018;;;;
36.69428;-4.440425;5.366493702;Thu May 24 13:56:13 GMT+02:00 2018;;;;
36.69401667;-4.440526667;4.871845722;Thu May 24 13:56:07 GMT+02:00 2018;;;;
36.69377333;-4.44076;4.487863064;Thu May 24 13:56:00 GMT+02:00 2018;;;;
36.69353333;-4.440915;4.955745697;Thu May 24 13:55:54 GMT+02:00 2018;;;;
36.69324667;-4.441088333;5.386568069;Thu May 24 13:55:48 GMT+02:00 2018;;;;
36.69297333;-4.441283333;5.566205978;Thu May 24 13:55:42 GMT+02:00 2018;;;;
36.692705;-4.441436667;6.290420055;Thu May 24 13:55:37 GMT+02:00 2018;;;;
36.69244;-4.441561667;6.079898834;Thu May 24 13:55:32 GMT+02:00 2018;;;;
36.69214833;-4.441755;5.304727077;Thu May 24 13:55:26 GMT+02:00 2018;;;;
36.69187167;-4.441925;5.561573505;Thu May 24 13:55:20 GMT+02:00 2018;;;;
36.69166167;-4.442138333;5.500321865;Thu May 24 13:55:15 GMT+02:00 2018;;;;
36.69140167;-4.44233;5.489512444;Thu May 24 13:55:09 GMT+02:00 2018;;;;
36.691105;-4.442415;4.800814152;Thu May 24 13:55:02 GMT+02:00 2018;;;;
36.69083667;-4.44254;4.771989822;Thu May 24 13:54:56 GMT+02:00 2018;;;;
36.69055;-4.44266;4.313372135;Thu May 24 13:54:50 GMT+02:00 2018;;;;
36.690265;-4.442803333;5.485394955;Thu May 24 13:54:44 GMT+02:00 2018;;;;
36.68999167;-4.442951667;6.529251575;Thu May 24 13:54:39 GMT+02:00 2018;;;;
36.68970833;-4.443113333;6.150415897;Thu May 24 13:54:34 GMT+02:00 2018;;;;
36.68940833;-4.443128333;5.557456017;Thu May 24 13:54:27 GMT+02:00 2018;;;;
36.68916167;-4.443326667;6.654328823;Thu May 24 13:54:21 GMT+02:00 2018;;;;
36.68889833;-4.443438333;6.582782269;Thu May 24 13:54:16 GMT+02:00 2018;;;;
36.68862667;-4.44361;7.365160465;Thu May 24 13:54:11 GMT+02:00 2018;;;;
36.68836333;-4.443845;7.88039732;Thu May 24 13:54:06 GMT+02:00 2018;;;;
36.68810833;-4.44397;6.5277071;Thu May 24 13:54:02 GMT+02:00 2018;;;;
36.68783667;-4.444108333;6.301743984;Thu May 24 13:53:57 GMT+02:00 2018;;;;
36.687575;-4.444248333;6.002175808;Thu May 24 13:53:52 GMT+02:00 2018;;;;
36.68730833;-4.444403333;6.926102161;Thu May 24 13:53:47 GMT+02:00 2018;;;;
36.68702333;-4.444568333;6.719183922;Thu May 24 13:53:42 GMT+02:00 2018;;;;
36.68674;-4.444718333;6.07423687;Thu May 24 13:53:37 GMT+02:00 2018;;;;
36.68647833;-4.444855;6.707859993;Thu May 24 13:53:32 GMT+02:00 2018;;;;
36.68620833;-4.44501;6.617269039;Thu May 24 13:53:27 GMT+02:00 2018;;;;
36.68593333;-4.44515;6.237918377;Thu May 24 13:53:22 GMT+02:00 2018;;;;
36.685655;-4.445318333;6.365055084;Thu May 24 13:53:17 GMT+02:00 2018;;;;
36.68539333;-4.445476667;6.59616518;Thu May 24 13:53:12 GMT+02:00 2018;;;;
36.68511167;-4.445666667;6.685212135;Thu May 24 13:53:07 GMT+02:00 2018;;;;
36.684825;-4.445863333;6.465425968;Thu May 24 13:53:02 GMT+02:00 2018;;;;
36.68455167;-4.446023333;6.110267639;Thu May 24 13:52:57 GMT+02:00 2018;;;;
36.68423667;-4.445995;5.210018158;Thu May 24 13:52:51 GMT+02:00 2018;;;;
36.68398333;-4.446191667;5.522969246;Thu May 24 13:52:45 GMT+02:00 2018;;;;
36.68373333;-4.446396667;5.713931561;Thu May 24 13:52:39 GMT+02:00 2018;;;;
36.683465;-4.446546667;6.192108154;Thu May 24 13:52:34 GMT+02:00 2018;;;;
36.68318333;-4.446683333;6.577635288;Thu May 24 13:52:29 GMT+02:00 2018;;;;
36.68289;-4.446833333;6.550354958;Thu May 24 13:52:24 GMT+02:00 2018;;;;
36.682595;-4.447018333;6.232771397;Thu May 24 13:52:19 GMT+02:00 2018;;;;
36.68231667;-4.447186667;6.691389084;Thu May 24 13:52:14 GMT+02:00 2018;;;;
36.682045;-4.44735;6.773229599;Thu May 24 13:52:09 GMT+02:00 2018;;;;
36.68178333;-4.447525;6.173578262;Thu May 24 13:52:04 GMT+02:00 2018;;;;
36.68152667;-4.44768;6.165342808;Thu May 24 13:51:59 GMT+02:00 2018;;;;
36.68126167;-4.447828333;5.85239172;Thu May 24 13:51:54 GMT+02:00 2018;;;;
36.68100667;-4.447976667;4.78485775;Thu May 24 13:51:48 GMT+02:00 2018;;;;
36.68073167;-4.448153333;2.779500008;Thu May 24 13:50:24 GMT+02:00 2018;;;;
36.68044833;-4.448143333;4.266017914;Thu May 24 13:50:16 GMT+02:00 2018;;;;
36.68014333;-4.448125;4.545511723;Thu May 24 13:50:07 GMT+02:00 2018;;;;
36.68003833;-4.448438333;4.345284939;Thu May 24 13:50:00 GMT+02:00 2018;;;;
36.67999333;-4.448771667;3.657616138;Thu May 24 13:49:53 GMT+02:00 2018;;;;
36.67978333;-4.448995;5.345904827;Thu May 24 13:49:45 GMT+02:00 2018;;;;
36.67957833;-4.44922;5.215680122;Thu May 24 13:49:40 GMT+02:00 2018;;;;
36.67934667;-4.449451667;5.665547371;Thu May 24 13:49:34 GMT+02:00 2018;;;;
36.67906;-4.449603333;5.278476238;Thu May 24 13:49:28 GMT+02:00 2018;;;;
36.678775;-4.449746667;5.016997337;Thu May 24 13:49:22 GMT+02:00 2018;;;;
36.678515;-4.449898333;5.208988667;Thu May 24 13:49:16 GMT+02:00 2018;;;;
36.67824667;-4.450028333;4.817800045;Thu May 24 13:49:10 GMT+02:00 2018;;;;
36.67797833;-4.4502;3.89902091;Thu May 24 13:49:03 GMT+02:00 2018;;;;
36.67781167;-4.450496667;4.525952339;Thu May 24 13:48:52 GMT+02:00 2018;;;;
36.67792833;-4.450815;4.452347279;Thu May 24 13:48:45 GMT+02:00 2018;;;;
36.67804833;-4.451136667;5.224430561;Thu May 24 13:48:38 GMT+02:00 2018;;;;
36.67820667;-4.451428333;5.694886684;Thu May 24 13:48:32 GMT+02:00 2018;;;;
36.67834;-4.45174;5.409730434;Thu May 24 13:48:25 GMT+02:00 2018;;;;
36.67846833;-4.452093333;5.384509087;Thu May 24 13:48:19 GMT+02:00 2018;;;;
36.67859333;-4.452425;5.17964983;Thu May 24 13:48:13 GMT+02:00 2018;;;;
36.67872;-4.452725;5.224945068;Thu May 24 13:48:07 GMT+02:00 2018;;;;
36.6788;-4.453048333;4.960892677;Thu May 24 13:48:02 GMT+02:00 2018;;;;
36.67888333;-4.453368333;4.855374813;Thu May 24 13:47:56 GMT+02:00 2018;;;;
36.67897833;-4.453731667;5.210018158;Thu May 24 13:47:49 GMT+02:00 2018;;;;
36.67902333;-4.454088333;5.200753212;Thu May 24 13:47:43 GMT+02:00 2018;;;;
36.67908667;-4.45446;5.777757168;Thu May 24 13:47:37 GMT+02:00 2018;;;;
36.67914;-4.454793333;5.985189915;Thu May 24 13:47:32 GMT+02:00 2018;;;;
36.67919333;-4.455123333;6.14269495;Thu May 24 13:47:27 GMT+02:00 2018;;;;
36.6792;-4.455488333;5.549220085;Thu May 24 13:47:22 GMT+02:00 2018;;;;
36.67895;-4.455655;5.676356792;Thu May 24 13:47:16 GMT+02:00 2018;;;;
36.678785;-4.455958333;5.894598961;Thu May 24 13:47:11 GMT+02:00 2018;;;;
36.67871;-4.456316667;5.343331337;Thu May 24 13:47:04 GMT+02:00 2018;;;;
36.678755;-4.45667;5.405612946;Thu May 24 13:46:58 GMT+02:00 2018;;;;
36.67882167;-4.457035;5.654738426;Thu May 24 13:46:52 GMT+02:00 2018;;;;
36.67889;-4.457413333;5.539955139;Thu May 24 13:46:46 GMT+02:00 2018;;;;
36.678925;-4.45777;4.786916733;Thu May 24 13:46:40 GMT+02:00 2018;;;;
36.67902;-4.458093333;2.779500008;Thu May 24 13:45:53 GMT+02:00 2018;;;;
36.67907;-4.458433333;5.719593525;Thu May 24 13:45:46 GMT+02:00 2018;;;;
36.67908833;-4.458798333;5.814816952;Thu May 24 13:45:40 GMT+02:00 2018;;;;
36.67910667;-4.459186667;5.693857193;Thu May 24 13:45:34 GMT+02:00 2018;;;;
36.67910833;-4.45957;5.57958889;Thu May 24 13:45:28 GMT+02:00 2018;;;;
36.679125;-4.459963333;5.694886684;Thu May 24 13:45:22 GMT+02:00 2018;;;;
36.67915;-4.460348333;5.644443989;Thu May 24 13:45:16 GMT+02:00 2018;;;;
36.679175;-4.460683333;5.705181122;Thu May 24 13:45:11 GMT+02:00 2018;;;;
36.67920833;-4.461048333;5.215680122;Thu May 24 13:45:05 GMT+02:00 2018;;;;
36.67919;-4.461395;5.171928883;Thu May 24 13:44:59 GMT+02:00 2018;;;;
36.67916333;-4.461736667;5.005673409;Thu May 24 13:44:53 GMT+02:00 2018;;;;
36.67916333;-4.462075;4.474480152;Thu May 24 13:44:47 GMT+02:00 2018;;;;
36.67916833;-4.462413333;3.678205013;Thu May 24 13:44:40 GMT+02:00 2018;;;;
36.67928833;-4.46272;2.598317862;Thu May 24 13:44:28 GMT+02:00 2018;;;;
36.67942333;-4.463026667;4.947509766;Thu May 24 13:44:21 GMT+02:00 2018;;;;
36.67938667;-4.463376667;6.199314594;Thu May 24 13:44:15 GMT+02:00 2018;;;;
36.67924333;-4.463706667;5.060749054;Thu May 24 13:44:09 GMT+02:00 2018;;;;
36.67915667;-4.464045;5.121486187;Thu May 24 13:44:02 GMT+02:00 2018;;;;
36.67916667;-4.464383333;5.265093803;Thu May 24 13:43:56 GMT+02:00 2018;;;;
36.679175;-4.464728333;5.124574661;Thu May 24 13:43:50 GMT+02:00 2018;;;;
36.67916167;-4.465076667;5.554367542;Thu May 24 13:43:44 GMT+02:00 2018;;;;
36.67914833;-4.465438333;5.602751255;Thu May 24 13:43:38 GMT+02:00 2018;;;;
36.67914333;-4.465785;5.125603676;Thu May 24 13:43:32 GMT+02:00 2018;;;;
36.67915167;-4.46615;5.408700943;Thu May 24 13:43:26 GMT+02:00 2018;;;;
36.67917333;-4.466518333;5.473041534;Thu May 24 13:43:20 GMT+02:00 2018;;;;
36.67917833;-4.466903333;5.450908184;Thu May 24 13:43:14 GMT+02:00 2018;;;;
36.67921833;-4.467258333;5.392230034;Thu May 24 13:43:08 GMT+02:00 2018;;;;
36.67922667;-4.467613333;5.528116703;Thu May 24 13:43:02 GMT+02:00 2018;;;;
36.679205;-4.46798;5.738123417;Thu May 24 13:42:56 GMT+02:00 2018;;;;
36.67917167;-4.468365;6.023279667;Thu May 24 13:42:50 GMT+02:00 2018;;;;
36.679205;-4.468733333;6.183358192;Thu May 24 13:42:45 GMT+02:00 2018;;;;
36.67928667;-4.469063333;6.07681036;Thu May 24 13:42:40 GMT+02:00 2018;;;;
36.67928;-4.469463333;5.777242184;Thu May 24 13:42:34 GMT+02:00 2018;;;;
36.67942167;-4.46979;6.701683521;Thu May 24 13:42:29 GMT+02:00 2018;;;;
36.67955;-4.470148333;6.715065956;Thu May 24 13:42:24 GMT+02:00 2018;;;;
36.67964667;-4.470521667;6.501456261;Thu May 24 13:42:19 GMT+02:00 2018;;;;
36.67973;-4.470871667;5.343331337;Thu May 24 13:42:14 GMT+02:00 2018;;;;
36.679765;-4.471258333;1.95954752;Thu May 24 13:42:01 GMT+02:00 2018;;;;
36.67955667;-4.471513333;4.930524349;Thu May 24 13:41:53 GMT+02:00 2018;;;;
36.67936;-4.471758333;4.886258125;Thu May 24 13:41:47 GMT+02:00 2018;;;;
36.67915;-4.47203;4.076600075;Thu May 24 13:41:40 GMT+02:00 2018;;;;
36.67893;-4.472291667;3.806370735;Thu May 24 13:41:25 GMT+02:00 2018;;;;
36.67872833;-4.472543333;5.456570148;Thu May 24 13:41:19 GMT+02:00 2018;;;;
36.67852167;-4.472803333;5.368038177;Thu May 24 13:41:13 GMT+02:00 2018;;;;
36.67833333;-4.473053333;4.934641838;Thu May 24 13:41:07 GMT+02:00 2018;;;;
36.67812167;-4.473301667;4.197559834;Thu May 24 13:41:00 GMT+02:00 2018;;;;
36.67793167;-4.473553333;4.987143517;Thu May 24 13:40:52 GMT+02:00 2018;;;;
36.67773833;-4.473828333;4.500730991;Thu May 24 13:40:45 GMT+02:00 2018;;;;
36.67746;-4.473873333;4.981996536;Thu May 24 13:40:31 GMT+02:00 2018;;;;
36.67730333;-4.473598333;5.502380371;Thu May 24 13:40:25 GMT+02:00 2018;;;;
36.67712667;-4.473318333;5.972836494;Thu May 24 13:40:20 GMT+02:00 2018;;;;
36.67693667;-4.473;5.693342686;Thu May 24 13:40:14 GMT+02:00 2018;;;;
36.67675333;-4.47275;6.004234791;Thu May 24 13:40:09 GMT+02:00 2018;;;;
36.67656167;-4.472458333;5.746873379;Thu May 24 13:40:03 GMT+02:00 2018;;;;
36.67636333;-4.472173333;5.957395077;Thu May 24 13:39:57 GMT+02:00 2018;;;;
36.676175;-4.471876667;5.727828979;Thu May 24 13:39:51 GMT+02:00 2018;;;;
36.67598167;-4.471551667;5.676356792;Thu May 24 13:39:45 GMT+02:00 2018;;;;
36.6758;-4.471238333;5.480247498;Thu May 24 13:39:39 GMT+02:00 2018;;;;
36.67564167;-4.470916667;5.139501572;Thu May 24 13:39:33 GMT+02:00 2018;;;;
36.67548667;-4.470593333;5.465320587;Thu May 24 13:39:27 GMT+02:00 2018;;;;
36.67531833;-4.47029;5.317080498;Thu May 24 13:39:21 GMT+02:00 2018;;;;
36.67512167;-4.469981667;5.080308437;Thu May 24 13:39:14 GMT+02:00 2018;;;;
36.67497167;-4.469693333;5.399435997;Thu May 24 13:39:08 GMT+02:00 2018;;;;
36.67483333;-4.469366667;5.936291218;Thu May 24 13:39:02 GMT+02:00 2018;;;;
36.67467333;-4.469085;5.96460104;Thu May 24 13:38:57 GMT+02:00 2018;;;;
36.67451;-4.468811667;5.997028828;Thu May 24 13:38:52 GMT+02:00 2018;;;;
36.67436333;-4.468466667;5.987248898;Thu May 24 13:38:46 GMT+02:00 2018;;;;
36.67424667;-4.468128333;5.578044891;Thu May 24 13:38:40 GMT+02:00 2018;;;;
36.67415167;-4.46779;5.598118782;Thu May 24 13:38:34 GMT+02:00 2018;;;;
36.67404167;-4.46745;5.87967205;Thu May 24 13:38:28 GMT+02:00 2018;;;;
36.67393167;-4.46709;6.140635967;Thu May 24 13:38:22 GMT+02:00 2018;;;;
36.673825;-4.46678;5.724740505;Thu May 24 13:38:17 GMT+02:00 2018;;;;
36.67366333;-4.466441667;5.935261726;Thu May 24 13:38:11 GMT+02:00 2018;;;;
36.67349167;-4.466115;5.918790817;Thu May 24 13:38:05 GMT+02:00 2018;;;;
36.67335333;-4.465758333;5.207444668;Thu May 24 13:37:59 GMT+02:00 2018;;;;
36.6732;-4.465406667;5.08494091;Thu May 24 13:37:53 GMT+02:00 2018;;;;
36.673105;-4.46509;4.885228634;Thu May 24 13:37:47 GMT+02:00 2018;;;;
36.67298;-4.464741667;5.033983231;Thu May 24 13:37:40 GMT+02:00 2018;;;;
36.672825;-4.464401667;5.176046848;Thu May 24 13:37:33 GMT+02:00 2018;;;;
36.67269;-4.464088333;5.049939632;Thu May 24 13:37:27 GMT+02:00 2018;;;;
36.67258333;-4.46374;3.353415251;Thu May 24 13:37:20 GMT+02:00 2018;;;;
36.67278833;-4.463483333;4.377712727;Thu May 24 13:37:10 GMT+02:00 2018;;;;
36.67299333;-4.463258333;4.502789974;Thu May 24 13:37:03 GMT+02:00 2018;;;;
36.67320333;-4.463041667;4.067335129;Thu May 24 13:36:56 GMT+02:00 2018;;;;
36.67343833;-4.462795;2.65956974;Thu May 24 13:36:46 GMT+02:00 2018;;;;
36.67360167;-4.462498333;3.614894152;Thu May 24 13:36:18 GMT+02:00 2018;;;;
36.67336167;-4.462681667;4.448744297;Thu May 24 13:36:11 GMT+02:00 2018;;;;
36.67309167;-4.462615;4.201677322;Thu May 24 13:36:04 GMT+02:00 2018;;;;
36.672925;-4.462293333;5.103470802;Thu May 24 13:35:57 GMT+02:00 2018;;;;
36.67284333;-4.461938333;4.810594082;Thu May 24 13:35:50 GMT+02:00 2018;;;;
36.67280167;-4.461585;4.994349957;Thu May 24 13:35:43 GMT+02:00 2018;;;;
36.67275333;-4.461231667;5.026262283;Thu May 24 13:35:37 GMT+02:00 2018;;;;
36.67270667;-4.460881667;5.611501694;Thu May 24 13:35:31 GMT+02:00 2018;;;;
36.67265333;-4.460528333;5.042733669;Thu May 24 13:35:25 GMT+02:00 2018;;;;
36.672545;-4.460201667;5.283623695;Thu May 24 13:35:19 GMT+02:00 2018;;;;
36.67239167;-4.459881667;5.423113346;Thu May 24 13:35:13 GMT+02:00 2018;;;;
36.67224333;-4.459571667;5.148251534;Thu May 24 13:35:07 GMT+02:00 2018;;;;
36.67210667;-4.45928;5.196635723;Thu May 24 13:35:01 GMT+02:00 2018;;;;
36.67196667;-4.45899;5.091632366;Thu May 24 13:34:55 GMT+02:00 2018;;;;
36.67181667;-4.458703333;5.127148151;Thu May 24 13:34:49 GMT+02:00 2018;;;;
36.67160167;-4.458458333;5.495174408;Thu May 24 13:34:43 GMT+02:00 2018;;;;
36.671415;-4.45821;5.180164337;Thu May 24 13:34:37 GMT+02:00 2018;;;;
36.67123;-4.457946667;5.059204578;Thu May 24 13:34:31 GMT+02:00 2018;;;;
36.67103;-4.4577;4.992805481;Thu May 24 13:34:25 GMT+02:00 2018;;;;
36.67079833;-4.457473333;5.269726276;Thu May 24 13:34:19 GMT+02:00 2018;;;;
36.67056333;-4.457248333;5.387597561;Thu May 24 13:34:13 GMT+02:00 2018;;;;
36.670305;-4.457095;4.987143517;Thu May 24 13:34:07 GMT+02:00 2018;;;;
36.67004;-4.456896667;5.291344643;Thu May 24 13:34:00 GMT+02:00 2018;;;;
36.66979167;-4.45672;5.369067669;Thu May 24 13:33:54 GMT+02:00 2018;;;;
36.66955833;-4.456531667;4.764268875;Thu May 24 13:33:48 GMT+02:00 2018;;;;
36.66932167;-4.456305;4.707649231;Thu May 24 13:33:41 GMT+02:00 2018;;;;
36.66919833;-4.455973333;4.456979752;Thu May 24 13:33:34 GMT+02:00 2018;;;;
36.66908167;-4.455633333;4.8893466;Thu May 24 13:33:27 GMT+02:00 2018;;;;
36.66899167;-4.455315;5.095235348;Thu May 24 13:33:21 GMT+02:00 2018;;;;
36.6689;-4.45499;5.059719563;Thu May 24 13:33:15 GMT+02:00 2018;;;;
36.66879;-4.454625;4.715370178;Thu May 24 13:33:08 GMT+02:00 2018;;;;
36.66868833;-4.454298333;4.384403706;Thu May 24 13:33:01 GMT+02:00 2018;;;;
36.66855667;-4.453998333;4.039539814;Thu May 24 13:32:54 GMT+02:00 2018;;;;
36.668445;-4.453648333;3.200542688;Thu May 24 13:32:45 GMT+02:00 2018;;;;
36.66838333;-4.453313333;0.947088897;Thu May 24 13:31:32 GMT+02:00 2018;;;;
36.66841333;-4.452973333;1.116947174;Thu May 24 13:30:51 GMT+02:00 2018;;;;
36.66865167;-4.452786667;1.071651697;Thu May 24 11:56:44 GMT+02:00 2018;;;;
36.668385;-4.452885;1.483429432;Thu May 24 11:56:16 GMT+02:00 2018;;;;
36.66831;-4.453218333;0.981060565;Thu May 24 11:55:45 GMT+02:00 2018;;;;
36.66836;-4.453553333;2.082051277;Thu May 24 11:55:12 GMT+02:00 2018;;;;
36.668455;-4.453875;4.700958252;Thu May 24 11:55:01 GMT+02:00 2018;;;;
36.66861667;-4.454156667;5.16729641;Thu May 24 11:54:55 GMT+02:00 2018;;;;
36.66873167;-4.454478333;4.968613625;Thu May 24 11:54:49 GMT+02:00 2018;;;;
36.66883333;-4.454801667;5.267152309;Thu May 24 11:54:43 GMT+02:00 2018;;;;
36.66892667;-4.455126667;5.02162981;Thu May 24 11:54:37 GMT+02:00 2018;;;;
36.66899333;-4.455455;4.790005207;Thu May 24 11:54:31 GMT+02:00 2018;;;;
36.669075;-4.455818333;4.85588932;Thu May 24 11:54:24 GMT+02:00 2018;;;;
36.669205;-4.456171667;4.418890476;Thu May 24 11:54:17 GMT+02:00 2018;;;;
36.66944167;-4.456408333;4.579483509;Thu May 24 11:54:10 GMT+02:00 2018;;;;
36.66970667;-4.456608333;4.359697342;Thu May 24 11:54:03 GMT+02:00 2018;;;;
36.66996333;-4.456758333;4.722576618;Thu May 24 11:53:57 GMT+02:00 2018;;;;
36.67020333;-4.45693;4.915597439;Thu May 24 11:53:51 GMT+02:00 2018;;;;
36.67046167;-4.457161667;4.023068905;Thu May 24 11:53:44 GMT+02:00 2018;;;;
36.670675;-4.457403333;3.83673954;Thu May 24 11:53:36 GMT+02:00 2018;;;;
36.670885;-4.457658333;5.275388241;Thu May 24 11:53:28 GMT+02:00 2018;;;;
36.67108833;-4.457901667;5.088029385;Thu May 24 11:53:22 GMT+02:00 2018;;;;
36.67130833;-4.458178333;5.230092525;Thu May 24 11:53:16 GMT+02:00 2018;;;;
36.671485;-4.458436667;4.749856472;Thu May 24 11:53:10 GMT+02:00 2018;;;;
36.67169167;-4.4587;4.867213249;Thu May 24 11:53:03 GMT+02:00 2018;;;;
36.67188333;-4.458958333;4.729267597;Thu May 24 11:52:57 GMT+02:00 2018;;;;
36.67204;-4.459266667;4.623235226;Thu May 24 11:52:50 GMT+02:00 2018;;;;
36.67220333;-4.459586667;4.630955696;Thu May 24 11:52:43 GMT+02:00 2018;;;;
36.672335;-4.45989;4.870816231;Thu May 24 11:52:37 GMT+02:00 2018;;;;
36.672465;-4.460198333;4.900670052;Thu May 24 11:52:31 GMT+02:00 2018;;;;
36.67256333;-4.460563333;4.695810795;Thu May 24 11:52:24 GMT+02:00 2018;;;;
36.672625;-4.460905;4.95317173;Thu May 24 11:52:18 GMT+02:00 2018;;;;
36.67265333;-4.461256667;4.876478195;Thu May 24 11:52:12 GMT+02:00 2018;;;;
36.672685;-4.461643333;4.915082455;Thu May 24 11:52:05 GMT+02:00 2018;;;;
36.67269667;-4.461981667;4.898096561;Thu May 24 11:51:59 GMT+02:00 2018;;;;
36.67281333;-4.462296667;4.827064991;Thu May 24 11:51:53 GMT+02:00 2018;;;;
36.673;-4.462575;5.11119175;Thu May 24 11:51:47 GMT+02:00 2018;;;;
36.67328167;-4.462611667;5.492600918;Thu May 24 11:51:40 GMT+02:00 2018;;;;
36.67356;-4.462523333;4.723091125;Thu May 24 11:51:18 GMT+02:00 2018;;;;
36.67337833;-4.462778333;3.8928442;Thu May 24 11:51:11 GMT+02:00 2018;;;;
36.67316667;-4.46301;4.939274311;Thu May 24 11:51:04 GMT+02:00 2018;;;;
36.67293333;-4.463255;5.548191071;Thu May 24 11:50:58 GMT+02:00 2018;;;;
36.67269;-4.463506667;3.917550802;Thu May 24 11:50:51 GMT+02:00 2018;;;;
36.67258333;-4.463823333;4.66544199;Thu May 24 11:50:34 GMT+02:00 2018;;;;
36.67272167;-4.46418;5.362376213;Thu May 24 11:50:28 GMT+02:00 2018;;;;
36.67283;-4.464526667;5.096779346;Thu May 24 11:50:22 GMT+02:00 2018;;;;
36.67297;-4.464833333;4.94802475;Thu May 24 11:50:16 GMT+02:00 2018;;;;
36.67310667;-4.465156667;3.966449499;Thu May 24 11:50:09 GMT+02:00 2018;;;;
36.67316667;-4.465525;4.081747055;Thu May 24 11:50:00 GMT+02:00 2018;;;;
36.67323667;-4.465856667;4.556835651;Thu May 24 11:49:53 GMT+02:00 2018;;;;
36.67337167;-4.466195;5.162663937;Thu May 24 11:49:46 GMT+02:00 2018;;;;
36.67354167;-4.466498333;4.709708214;Thu May 24 11:49:40 GMT+02:00 2018;;;;
36.67365167;-4.466816667;4.268591404;Thu May 24 11:49:33 GMT+02:00 2018;;;;
36.673795;-4.467161667;4.700958252;Thu May 24 11:49:26 GMT+02:00 2018;;;;
36.67391833;-4.467501667;5.016997337;Thu May 24 11:49:19 GMT+02:00 2018;;;;
36.67406667;-4.467848333;4.99177599;Thu May 24 11:49:12 GMT+02:00 2018;;;;
36.67419667;-4.468201667;4.54087925;Thu May 24 11:49:05 GMT+02:00 2018;;;;
36.674305;-4.46854;4.635588169;Thu May 24 11:48:58 GMT+02:00 2018;;;;
36.67445167;-4.46887;4.736474037;Thu May 24 11:48:52 GMT+02:00 2018;;;;
36.67458333;-4.469231667;5.17244339;Thu May 24 11:48:45 GMT+02:00 2018;;;;
36.67474167;-4.46953;5.149796009;Thu May 24 11:48:39 GMT+02:00 2018;;;;
36.67491167;-4.469813333;5.170899391;Thu May 24 11:48:33 GMT+02:00 2018;;;;
36.67506;-4.470128333;4.849197865;Thu May 24 11:48:27 GMT+02:00 2018;;;;
36.675225;-4.470423333;5.055601597;Thu May 24 11:48:21 GMT+02:00 2018;;;;
36.67537167;-4.470766667;5.374214649;Thu May 24 11:48:14 GMT+02:00 2018;;;;
36.67553167;-4.471075;5.137442589;Thu May 24 11:48:08 GMT+02:00 2018;;;;
36.67568;-4.47136;5.193032265;Thu May 24 11:48:02 GMT+02:00 2018;;;;
36.67589;-4.471638333;5.127148151;Thu May 24 11:47:56 GMT+02:00 2018;;;;
36.67609833;-4.471943333;5.396862507;Thu May 24 11:47:50 GMT+02:00 2018;;;;
36.67627;-4.47225;5.678415775;Thu May 24 11:47:44 GMT+02:00 2018;;;;
36.67645;-4.472535;5.406127453;Thu May 24 11:47:38 GMT+02:00 2018;;;;
36.676615;-4.472828333;5.295462132;Thu May 24 11:47:32 GMT+02:00 2018;;;;
36.67676833;-4.473131667;5.884819031;Thu May 24 11:47:26 GMT+02:00 2018;;;;
36.67693333;-4.473403333;6.379981995;Thu May 24 11:47:21 GMT+02:00 2018;;;;
36.677125;-4.473718333;5.451937675;Thu May 24 11:47:15 GMT+02:00 2018;;;;
36.677355;-4.473973333;3.858872414;Thu May 24 11:47:08 GMT+02:00 2018;;;;
36.677615;-4.47382;2.845899105;Thu May 24 11:46:57 GMT+02:00 2018;;;;
36.67781833;-4.473595;3.009066105;Thu May 24 11:46:46 GMT+02:00 2018;;;;
36.678015;-4.473351667;1.307909131;Thu May 24 11:46:34 GMT+02:00 2018;;;;
36.67819833;-4.473075;3.387387037;Thu May 24 11:46:23 GMT+02:00 2018;;;;
36.678415;-4.472826667;3.116642952;Thu May 24 11:46:14 GMT+02:00 2018;;;;
36.678615;-4.472563333;4.179029942;Thu May 24 11:46:06 GMT+02:00 2018;;;;
36.67881333;-4.472331667;3.983435392;Thu May 24 11:45:59 GMT+02:00 2018;;;;
36.67903167;-4.47207;3.415696621;Thu May 24 11:45:50 GMT+02:00 2018;;;;
36.67921833;-4.471813333;3.726074219;Thu May 24 11:45:41 GMT+02:00 2018;;;;
36.67944;-4.471561667;3.96130228;Thu May 24 11:45:33 GMT+02:00 2018;;;;
36.67966333;-4.471333333;3.280839443;Thu May 24 11:45:25 GMT+02:00 2018;;;;
36.67986167;-4.471071667;2.947814226;Thu May 24 11:45:13 GMT+02:00 2018;;;;
36.67973167;-4.470776667;4.770445347;Thu May 24 11:45:06 GMT+02:00 2018;;;;
36.67966667;-4.470431667;4.546026707;Thu May 24 11:44:59 GMT+02:00 2018;;;;
36.67957333;-4.470095;5.134354115;Thu May 24 11:44:52 GMT+02:00 2018;;;;
36.67944167;-4.469785;5.45245266;Thu May 24 11:44:45 GMT+02:00 2018;;;;
36.67936833;-4.469413333;5.845185757;Thu May 24 11:44:39 GMT+02:00 2018;;;;
36.679385;-4.469075;4.413743019;Thu May 24 11:44:33 GMT+02:00 2018;;;;
36.67932167;-4.468731667;5.027291775;Thu May 24 11:44:26 GMT+02:00 2018;;;;
36.67930833;-4.468388333;5.393774033;Thu May 24 11:44:20 GMT+02:00 2018;;;;
36.67933667;-4.468038333;5.534808159;Thu May 24 11:44:14 GMT+02:00 2018;;;;
36.679325;-4.467665;5.232151508;Thu May 24 11:44:08 GMT+02:00 2018;;;;
36.67928667;-4.467286667;5.344360828;Thu May 24 11:44:02 GMT+02:00 2018;;;;
36.679265;-4.466893333;5.012364864;Thu May 24 11:43:55 GMT+02:00 2018;;;;
36.67924333;-4.466515;5.131780624;Thu May 24 11:43:48 GMT+02:00 2018;;;;
36.67922333;-4.466168333;5.49877739;Thu May 24 11:43:42 GMT+02:00 2018;;;;
36.67921;-4.4658;5.388112068;Thu May 24 11:43:36 GMT+02:00 2018;;;;
36.67919167;-4.46543;5.22597456;Thu May 24 11:43:30 GMT+02:00 2018;;;;
36.67918333;-4.465071667;5.266637802;Thu May 24 11:43:24 GMT+02:00 2018;;;;
36.67917667;-4.464733333;4.626838207;Thu May 24 11:43:18 GMT+02:00 2018;;;;
36.67916;-4.464358333;3.743060112;Thu May 24 11:43:11 GMT+02:00 2018;;;;
36.67915667;-4.464021667;3.518126488;Thu May 24 11:43:03 GMT+02:00 2018;;;;
36.67930333;-4.463703333;3.33231163;Thu May 24 11:42:52 GMT+02:00 2018;;;;
36.67948333;-4.463395;4.479112625;Thu May 24 11:42:44 GMT+02:00 2018;;;;
36.67943167;-4.463041667;4.85074234;Thu May 24 11:42:37 GMT+02:00 2018;;;;
36.67926667;-4.462771667;4.520290375;Thu May 24 11:42:30 GMT+02:00 2018;;;;
36.67923333;-4.46243;4.931038857;Thu May 24 11:42:23 GMT+02:00 2018;;;;
36.67922;-4.46208;5.405612946;Thu May 24 11:42:17 GMT+02:00 2018;;;;
36.67919667;-4.461696667;5.157516479;Thu May 24 11:42:11 GMT+02:00 2018;;;;
36.67920333;-4.461335;5.283108711;Thu May 24 11:42:05 GMT+02:00 2018;;;;
36.67920833;-4.460981667;5.229063034;Thu May 24 11:41:59 GMT+02:00 2018;;;;
36.67921333;-4.460645;5.353111267;Thu May 24 11:41:53 GMT+02:00 2018;;;;
36.67921833;-4.460306667;4.939274311;Thu May 24 11:41:47 GMT+02:00 2018;;;;
36.67920167;-4.45996;5.100897312;Thu May 24 11:41:41 GMT+02:00 2018;;;;
36.67918;-4.459571667;5.243475437;Thu May 24 11:41:34 GMT+02:00 2018;;;;
36.67916167;-4.459176667;5.143104553;Thu May 24 11:41:27 GMT+02:00 2018;;;;
36.67912;-4.458806667;5.175017357;Thu May 24 11:41:21 GMT+02:00 2018;;;;
36.67909;-4.45844;5.061778545;Thu May 24 11:41:15 GMT+02:00 2018;;;;
36.679075;-4.458096667;5.085970402;Thu May 24 11:41:09 GMT+02:00 2018;;;;
36.67903;-4.457711667;4.998467445;Thu May 24 11:41:02 GMT+02:00 2018;;;;
36.67898667;-4.45736;5.044277668;Thu May 24 11:40:56 GMT+02:00 2018;;;;
36.67891333;-4.456996667;4.819344044;Thu May 24 11:40:50 GMT+02:00 2018;;;;
36.67887;-4.456635;4.326755047;Thu May 24 11:40:43 GMT+02:00 2018;;;;
36.67882;-4.456296667;3.300398827;Thu May 24 11:40:35 GMT+02:00 2018;;;;
36.67889333;-4.455956667;3.018845797;Thu May 24 11:40:23 GMT+02:00 2018;;;;
36.67908167;-4.455686667;3.226278782;Thu May 24 11:40:14 GMT+02:00 2018;;;;
36.67934167;-4.455501667;3.866078615;Thu May 24 11:40:03 GMT+02:00 2018;;;;
36.67925833;-4.455141667;4.892949581;Thu May 24 11:39:56 GMT+02:00 2018;;;;
36.67917667;-4.454775;4.818829536;Thu May 24 11:39:49 GMT+02:00 2018;;;;
36.67909;-4.454423333;4.936186314;Thu May 24 11:39:42 GMT+02:00 2018;;;;
36.67900333;-4.454048333;5.265093803;Thu May 24 11:39:35 GMT+02:00 2018;;;;
36.67891;-4.453688333;4.90942049;Thu May 24 11:39:28 GMT+02:00 2018;;;;
36.67884667;-4.453315;4.605734348;Thu May 24 11:39:21 GMT+02:00 2018;;;;
36.67875;-4.452963333;4.633014679;Thu May 24 11:39:14 GMT+02:00 2018;;;;
36.67860667;-4.452615;4.515143394;Thu May 24 11:39:07 GMT+02:00 2018;;;;
36.678475;-4.452288333;4.16307354;Thu May 24 11:39:00 GMT+02:00 2018;;;;
36.67836;-4.451966667;4.813167572;Thu May 24 11:38:53 GMT+02:00 2018;;;;
36.67823667;-4.451633333;4.696840286;Thu May 24 11:38:46 GMT+02:00 2018;;;;
36.67810833;-4.451313333;4.842506886;Thu May 24 11:38:39 GMT+02:00 2018;;;;
36.67797667;-4.451005;4.162044048;Thu May 24 11:38:32 GMT+02:00 2018;;;;
36.67783667;-4.450703333;4.639706135;Thu May 24 11:38:25 GMT+02:00 2018;;;;
36.67771167;-4.450365;2.756337404;Thu May 24 11:38:18 GMT+02:00 2018;;;;
36.67794667;-4.450173333;4.134763718;Thu May 24 11:38:09 GMT+02:00 2018;;;;
36.67822667;-4.450046667;4.116233826;Thu May 24 11:38:02 GMT+02:00 2018;;;;
36.67849;-4.449941667;3.747692585;Thu May 24 11:37:55 GMT+02:00 2018;;;;
36.678755;-4.449783333;4.884714127;Thu May 24 11:37:48 GMT+02:00 2018;;;;
36.67902833;-4.449615;4.700443268;Thu May 24 11:37:41 GMT+02:00 2018;;;;
36.679315;-4.449451667;4.790519714;Thu May 24 11:37:34 GMT+02:00 2018;;;;
36.67956;-4.449213333;4.871331215;Thu May 24 11:37:27 GMT+02:00 2018;;;;
36.67978333;-4.448953333;3.961817026;Thu May 24 11:37:20 GMT+02:00 2018;;;;
36.68006167;-4.448996667;3.532538652;Thu May 24 11:37:08 GMT+02:00 2018;;;;
36.680335;-4.449013333;3.76210475;Thu May 24 11:37:00 GMT+02:00 2018;;;;
36.68056833;-4.448826667;4.319549084;Thu May 24 11:36:53 GMT+02:00 2018;;;;
36.68073;-4.44852;4.169250011;Thu May 24 11:36:46 GMT+02:00 2018;;;;
36.68102;-4.44837;3.677175522;Thu May 24 11:36:38 GMT+02:00 2018;;;;
36.68129333;-4.44822;4.076085091;Thu May 24 11:36:30 GMT+02:00 2018;;;;
36.68156333;-4.448041667;4.245943546;Thu May 24 11:36:22 GMT+02:00 2018;;;;
36.68182;-4.447895;4.177485466;Thu May 24 11:36:15 GMT+02:00 2018;;;;
36.68207667;-4.447735;4.2191782;Thu May 24 11:36:08 GMT+02:00 2018;;;;
36.68235833;-4.447585;3.896961927;Thu May 24 11:36:00 GMT+02:00 2018;;;;
36.68261;-4.447441667;3.932992458;Thu May 24 11:35:53 GMT+02:00 2018;;;;
36.682875;-4.447266667;5.161119938;Thu May 24 11:35:46 GMT+02:00 2018;;;;
36.683135;-4.447105;3.767766714;Thu May 24 11:35:40 GMT+02:00 2018;;;;
36.68340833;-4.446968333;4.026671886;Thu May 24 11:35:32 GMT+02:00 2018;;;;
36.68366833;-4.446833333;5.100897312;Thu May 24 11:35:25 GMT+02:00 2018;;;;
36.68392333;-4.446666667;4.402934074;Thu May 24 11:35:19 GMT+02:00 2018;;;;
36.68421833;-4.446556667;1.763438344;Thu May 24 11:35:01 GMT+02:00 2018;;;;
36.68446333;-4.446388333;3.813576937;Thu May 24 11:34:51 GMT+02:00 2018;;;;
36.684695;-4.446158333;3.177380323;Thu May 24 11:34:42 GMT+02:00 2018;;;;
36.68496333;-4.446003333;4.031304359;Thu May 24 11:34:34 GMT+02:00 2018;;;;
36.68523667;-4.44585;4.929494858;Thu May 24 11:34:27 GMT+02:00 2018;;;;
36.68552333;-4.445701667;5.093691349;Thu May 24 11:34:20 GMT+02:00 2018;;;;
36.685815;-4.445556667;5.033983231;Thu May 24 11:34:13 GMT+02:00 2018;;;;
36.68607167;-4.445428333;4.971702099;Thu May 24 11:34:07 GMT+02:00 2018;;;;
36.68631833;-4.445253333;5.549220085;Thu May 24 11:34:01 GMT+02:00 2018;;;;
36.686565;-4.445066667;5.215680122;Thu May 24 11:33:55 GMT+02:00 2018;;;;
36.68684;-4.444913333;5.630031586;Thu May 24 11:33:49 GMT+02:00 2018;;;;
36.68711;-4.44474;5.667091846;Thu May 24 11:33:43 GMT+02:00 2018;;;;
36.68737833;-4.444586667;5.452967167;Thu May 24 11:33:37 GMT+02:00 2018;;;;
36.68764667;-4.444425;5.751506329;Thu May 24 11:33:31 GMT+02:00 2018;;;;
36.68791333;-4.44425;4.96295166;Thu May 24 11:33:25 GMT+02:00 2018;;;;
36.68817833;-4.444095;5.570323944;Thu May 24 11:33:19 GMT+02:00 2018;;;;
36.68844667;-4.443906667;5.199723721;Thu May 24 11:33:13 GMT+02:00 2018;;;;
36.688705;-4.443733333;5.265608311;Thu May 24 11:33:07 GMT+02:00 2018;;;;
36.68898667;-4.44361;5.303697586;Thu May 24 11:33:01 GMT+02:00 2018;;;;
36.68926667;-4.443476667;5.503924847;Thu May 24 11:32:55 GMT+02:00 2018;;;;
36.68955167;-4.443471667;4.86566925;Thu May 24 11:32:49 GMT+02:00 2018;;;;
36.68973667;-4.443205;4.322122574;Thu May 24 11:32:42 GMT+02:00 2018;;;;
36.689975;-4.44299;5.737093925;Thu May 24 11:31:44 GMT+02:00 2018;;;;
36.69021667;-4.442833333;6.40314436;Thu May 24 11:31:39 GMT+02:00 2018;;;;
36.69046667;-4.442633333;6.431454182;Thu May 24 11:31:34 GMT+02:00 2018;;;;
36.69071833;-4.442443333;6.616239548;Thu May 24 11:31:29 GMT+02:00 2018;;;;
36.69099;-4.44227;6.63219595;Thu May 24 11:31:24 GMT+02:00 2018;;;;
36.69124667;-4.44207;6.406747341;Thu May 24 11:31:19 GMT+02:00 2018;;;;
36.69150167;-4.44187;6.314612389;Thu May 24 11:31:14 GMT+02:00 2018;;;;
36.691745;-4.441705;6.292994022;Thu May 24 11:31:09 GMT+02:00 2018;;;;
36.69202;-4.441626667;5.502380371;Thu May 24 11:31:04 GMT+02:00 2018;;;;
36.69233333;-4.441505;5.693342686;Thu May 24 11:30:58 GMT+02:00 2018;;;;
36.69259;-4.44137;6.165857315;Thu May 24 11:30:53 GMT+02:00 2018;;;;
36.69284667;-4.441186667;6.486014843;Thu May 24 11:30:48 GMT+02:00 2018;;;;
36.693095;-4.441025;5.160604954;Thu May 24 11:30:43 GMT+02:00 2018;;;;
36.693385;-4.440893333;5.164722919;Thu May 24 11:30:37 GMT+02:00 2018;;;;
36.69364667;-4.440725;5.409215927;Thu May 24 11:30:31 GMT+02:00 2018;;;;
36.69391667;-4.440536667;5.718564034;Thu May 24 11:30:25 GMT+02:00 2018;;;;
36.69418667;-4.44042;5.19715023;Thu May 24 11:30:19 GMT+02:00 2018;;;;
36.69439333;-4.440171667;4.429699421;Thu May 24 11:30:13 GMT+02:00 2018;;;;
36.694665;-4.440041667;3.546950817;Thu May 24 11:29:38 GMT+02:00 2018;;;;
36.69493333;-4.439926667;5.195091248;Thu May 24 11:29:31 GMT+02:00 2018;;;;
36.69519667;-4.43979;6.07423687;Thu May 24 11:29:26 GMT+02:00 2018;;;;
36.69546333;-4.439611667;5.805552006;Thu May 24 11:29:20 GMT+02:00 2018;;;;
36.69572333;-4.439443333;5.405097961;Thu May 24 11:29:14 GMT+02:00 2018;;;;
36.695985;-4.439233333;6.03048563;Thu May 24 11:29:08 GMT+02:00 2018;;;;
36.69623;-4.439061667;6.115414619;Thu May 24 11:29:03 GMT+02:00 2018;;;;
36.69652333;-4.438876667;6.179240227;Thu May 24 11:28:57 GMT+02:00 2018;;;;
36.69675833;-4.438703333;5.780845165;Thu May 24 11:28:52 GMT+02:00 2018;;;;
36.69703667;-4.438506667;5.993425369;Thu May 24 11:28:46 GMT+02:00 2018;;;;
36.69730667;-4.43831;5.774153709;Thu May 24 11:28:40 GMT+02:00 2018;;;;
36.69757;-4.438118333;3.205689907;Thu May 24 11:28:33 GMT+02:00 2018;;;;
36.69776;-4.437851667;2.912812948;Thu May 24 11:27:54 GMT+02:00 2018;;;;
36.69801833;-4.437668333;4.29535675;Thu May 24 11:27:46 GMT+02:00 2018;;;;
36.698285;-4.437471667;5.198179722;Thu May 24 11:27:40 GMT+02:00 2018;;;;
36.698575;-4.437343333;5.198179722;Thu May 24 11:27:33 GMT+02:00 2018;;;;
36.69887;-4.437195;5.284138203;Thu May 24 11:27:27 GMT+02:00 2018;;;;
36.69913667;-4.437043333;5.050969124;Thu May 24 11:27:21 GMT+02:00 2018;;;;
36.69939667;-4.436861667;5.536352158;Thu May 24 11:27:15 GMT+02:00 2018;;;;
36.69967333;-4.436681667;5.746358871;Thu May 24 11:27:09 GMT+02:00 2018;;;;
36.69991833;-4.436511667;5.683048248;Thu May 24 11:27:04 GMT+02:00 2018;;;;
36.70016;-4.436346667;3.598423004;Thu May 24 11:26:58 GMT+02:00 2018;;;;
36.70045333;-4.436246667;2.771264553;Thu May 24 11:26:43 GMT+02:00 2018;;;;
36.70060167;-4.436531667;3.88666749;Thu May 24 11:26:33 GMT+02:00 2018;;;;
36.700735;-4.436853333;4.988173008;Thu May 24 11:26:26 GMT+02:00 2018;;;;
36.70091;-4.43716;5.556941032;Thu May 24 11:26:20 GMT+02:00 2018;;;;
36.70107833;-4.437461667;5.680474281;Thu May 24 11:26:14 GMT+02:00 2018;;;;
36.701235;-4.437743333;5.714446068;Thu May 24 11:26:09 GMT+02:00 2018;;;;
36.70138;-4.438045;5.205385685;Thu May 24 11:26:04 GMT+02:00 2018;;;;
36.70154667;-4.43831;5.109647274;Thu May 24 11:25:58 GMT+02:00 2018;;;;
36.70174167;-4.438571667;3.421358585;Thu May 24 11:25:51 GMT+02:00 2018;;;;
36.70196;-4.438773333;2.305955648;Thu May 24 11:25:42 GMT+02:00 2018;;;;
36.70220167;-4.438965;4.019465923;Thu May 24 11:25:03 GMT+02:00 2018;;;;
36.70243833;-4.439186667;4.96552515;Thu May 24 11:24:57 GMT+02:00 2018;;;;
36.70266;-4.439426667;4.661324501;Thu May 24 11:24:51 GMT+02:00 2018;;;;
36.70287;-4.439731667;3.561877728;Thu May 24 11:24:44 GMT+02:00 2018;;;;
36.70305667;-4.440016667;3.555701017;Thu May 24 11:24:37 GMT+02:00 2018;;;;
36.70322333;-4.440283333;3.461506844;Thu May 24 11:24:30 GMT+02:00 2018;;;;
36.703445;-4.4405;4.260355949;Thu May 24 11:24:22 GMT+02:00 2018;;;;
36.70366333;-4.440703333;4.20939827;Thu May 24 11:24:15 GMT+02:00 2018;;;;
36.70392167;-4.440891667;1.426810026;Thu May 24 11:23:55 GMT+02:00 2018;;;;
36.704205;-4.440931667;0;Thu May 24 11:23:08 GMT+02:00 2018;;;;
36.70449167;-4.440933333;4.832726955;Thu May 24 11:22:59 GMT+02:00 2018;;;;
36.70477667;-4.441053333;5.002070427;Thu May 24 11:22:53 GMT+02:00 2018;;;;
36.705065;-4.441225;4.914052963;Thu May 24 11:22:47 GMT+02:00 2018;;;;
36.705345;-4.441398333;3.361650944;Thu May 24 11:22:40 GMT+02:00 2018;;;;
36.70555;-4.44169;4.192927361;Thu May 24 11:22:32 GMT+02:00 2018;;;;
36.70576833;-4.441925;4.308739662;Thu May 24 11:22:25 GMT+02:00 2018;;;;
36.70601833;-4.442095;4.613969803;Thu May 24 11:22:19 GMT+02:00 2018;;;;
36.70626833;-4.442253333;4.96037817;Thu May 24 11:22:13 GMT+02:00 2018;;;;
36.70650833;-4.442415;5.575470924;Thu May 24 11:22:08 GMT+02:00 2018;;;;
36.70680333;-4.442586667;5.205900669;Thu May 24 11:22:03 GMT+02:00 2018;;;;
36.707035;-4.442771667;4.952657223;Thu May 24 11:21:57 GMT+02:00 2018;;;;
36.70727;-4.442938333;5.293403149;Thu May 24 11:21:52 GMT+02:00 2018;;;;
36.707545;-4.443128333;5.559514523;Thu May 24 11:21:46 GMT+02:00 2018;;;;
36.707815;-4.443271667;5.412818909;Thu May 24 11:21:41 GMT+02:00 2018;;;;
36.70808167;-4.443493333;5.356714249;Thu May 24 11:21:35 GMT+02:00 2018;;;;
36.70832333;-4.44366;6.607489109;Thu May 24 11:21:30 GMT+02:00 2018;;;;
36.70857667;-4.44385;5.7576828;Thu May 24 11:21:25 GMT+02:00 2018;;;;
36.70882667;-4.444085;5.323257446;Thu May 24 11:21:19 GMT+02:00 2018;;;;
36.70906667;-4.444336667;5.373700142;Thu May 24 11:21:13 GMT+02:00 2018;;;;
36.70928;-4.444618333;5.563117981;Thu May 24 11:21:07 GMT+02:00 2018;;;;
36.70946;-4.44489;4.973246098;Thu May 24 11:21:01 GMT+02:00 2018;;;;
36.70966333;-4.44516;1.610565782;Thu May 24 11:20:31 GMT+02:00 2018;;;;
36.70995;-4.445071667;4.5630126;Thu May 24 11:20:23 GMT+02:00 2018;;;;
36.710235;-4.445116667;4.133734226;Thu May 24 11:20:18 GMT+02:00 2018;;;;
36.71052333;-4.445226667;4.813682079;Thu May 24 11:20:12 GMT+02:00 2018;;;;
36.710765;-4.445483333;4.366903305;Thu May 24 11:20:07 GMT+02:00 2018;;;;
36.71106333;-4.445743333;3.786811352;Thu May 24 11:20:03 GMT+02:00 2018;;;;
36.71125667;-4.44601;4.268076897;Thu May 24 11:19:55 GMT+02:00 2018;;;;
36.71148667;-4.44625;2.583390951;Thu May 24 11:19:43 GMT+02:00 2018;;;;
36.711755;-4.446193333;2.623539209;Thu May 24 11:19:35 GMT+02:00 2018;;;;
36.712015;-4.44632;4.065276146;Thu May 24 11:19:29 GMT+02:00 2018;;;;
36.71226167;-4.446521667;2.915386677;Thu May 24 11:19:21 GMT+02:00 2018;;;;
36.712485;-4.446768333;2.12528801;Thu May 24 11:19:11 GMT+02:00 2018;;;;
36.71262333;-4.447066667;2.870605946;Thu May 24 11:18:56 GMT+02:00 2018;;;;
36.71288167;-4.44721;3.912918329;Thu May 24 11:18:48 GMT+02:00 2018;;;;
36.71316833;-4.44734;4.451317787;Thu May 24 11:18:42 GMT+02:00 2018;;;;
36.71343;-4.447541667;4.434846878;Thu May 24 11:18:35 GMT+02:00 2018;;;;
36.71368667;-4.447748333;4.38491869;Thu May 24 11:18:27 GMT+02:00 2018;;;;
36.71395167;-4.447846667;4.607793331;Thu May 24 11:18:21 GMT+02:00 2018;;;;
36.71424;-4.447973333;5.300094604;Thu May 24 11:18:16 GMT+02:00 2018;;;;
36.71454833;-4.448071667;4.7261796;Thu May 24 11:18:11 GMT+02:00 2018;;;;
36.71484333;-4.44822;4.281459332;Thu May 24 11:18:04 GMT+02:00 2018;;;;
36.715005;-4.448533333;4.047260761;Thu May 24 11:17:57 GMT+02:00 2018;;;;
36.71521;-4.44877;1.745423079;Thu May 24 11:17:43 GMT+02:00 2018;;;;
36.71537833;-4.448495;4.549115181;Thu May 24 11:17:31 GMT+02:00 2018;;;;
36.71566833;-4.448386667;4.949054241;Thu May 24 11:17:24 GMT+02:00 2018;;;;
36.71593833;-4.448456667;4.816770554;Thu May 24 11:17:18 GMT+02:00 2018;;;;
36.716185;-4.448645;4.04623127;Thu May 24 11:17:10 GMT+02:00 2018;;;;
36.71648833;-4.448623333;5.502380371;Thu May 24 11:17:04 GMT+02:00 2018;;;;
36.71681167;-4.44866;4.523893833;Thu May 24 11:16:59 GMT+02:00 2018;;;;
36.71708167;-4.448763333;4.195500851;Thu May 24 11:16:54 GMT+02:00 2018;;;;
36.71734333;-4.448891667;2.266321898;Thu May 24 11:16:46 GMT+02:00 2018;;;;
36.71762667;-4.448956667;4.088953495;Thu May 24 11:16:39 GMT+02:00 2018;;;;
36.71789667;-4.449048333;5.63054657;Thu May 24 11:16:34 GMT+02:00 2018;;;;
36.71817167;-4.44915;5.116853714;Thu May 24 11:16:30 GMT+02:00 2018;;;;
36.71847;-4.449265;5.206930161;Thu May 24 11:16:24 GMT+02:00 2018;;;;
36.71874333;-4.449355;4.474995136;Thu May 24 11:16:19 GMT+02:00 2018;;;;
36.71908333;-4.449478333;2.396031857;Thu May 24 11:16:13 GMT+02:00 2018;;;;
36.71932167;-4.449728333;3.960787535;Thu May 24 11:16:03 GMT+02:00 2018;;;;
36.71926333;-4.450078333;4.763239384;Thu May 24 11:15:58 GMT+02:00 2018;;;;
36.71926833;-4.450428333;3.462536335;Thu May 24 11:15:53 GMT+02:00 2018;;;;
36.71926833;-4.45079;3.730706692;Thu May 24 11:15:46 GMT+02:00 2018;;;;
36.71929;-4.45117;3.535626888;Thu May 24 11:15:40 GMT+02:00 2018;;;;
36.71929167;-4.451546667;4.313372135;Thu May 24 11:15:33 GMT+02:00 2018;;;;
36.71930833;-4.451886667;4.495069027;Thu May 24 11:15:27 GMT+02:00 2018;;;;
36.71929833;-4.45226;3.240176439;Thu May 24 11:15:20 GMT+02:00 2018;;;;
36.71929833;-4.452636667;3.850122213;Thu May 24 11:15:12 GMT+02:00 2018;;;;
36.719305;-4.452985;2.494858503;Thu May 24 11:15:03 GMT+02:00 2018;;;;
36.71929167;-4.453361667;3.837254047;Thu May 24 11:14:54 GMT+02:00 2018;;;;
36.71934167;-4.453705;3.60768795;Thu May 24 11:14:45 GMT+02:00 2018;;;;
36.71917;-4.45399;3.537171125;Thu May 24 11:14:36 GMT+02:00 2018;;;;
36.71894333;-4.454183333;4.173882484;Thu May 24 11:14:28 GMT+02:00 2018;;;;
36.71876;-4.454451667;4.641765118;Thu May 24 11:13:49 GMT+02:00 2018;;;;
36.71886333;-4.45481;4.895008564;Thu May 24 11:13:41 GMT+02:00 2018;;;;
36.71911;-4.455045;3.869681597;Thu May 24 11:13:34 GMT+02:00 2018;;;;
36.71941667;-4.455101667;3.292163372;Thu May 24 11:13:27 GMT+02:00 2018;;;;
36.71946833;-4.455448333;4.288150787;Thu May 24 11:13:19 GMT+02:00 2018;;;;
36.71951333;-4.455791667;6.53748703;Thu May 24 11:13:13 GMT+02:00 2018;;;;
36.71956667;-4.456161667;6.119017601;Thu May 24 11:13:08 GMT+02:00 2018;;;;
36.71962;-4.456531667;6.09894371;Thu May 24 11:13:03 GMT+02:00 2018;;;;
36.71964833;-4.456931667;5.163178444;Thu May 24 11:12:57 GMT+02:00 2018;;;;
36.71967167;-4.457301667;5.64804697;Thu May 24 11:12:51 GMT+02:00 2018;;;;
36.71969833;-4.457643333;5.567750454;Thu May 24 11:12:46 GMT+02:00 2018;;;;
36.71971667;-4.45803;4.967069626;Thu May 24 11:12:40 GMT+02:00 2018;;;;
36.71971833;-4.458425;4.42866993;Thu May 24 11:12:34 GMT+02:00 2018;;;;
36.71967333;-4.458783333;4.34631443;Thu May 24 11:12:28 GMT+02:00 2018;;;;
36.71957667;-4.459156667;4.631985188;Thu May 24 11:12:22 GMT+02:00 2018;;;;
36.71957;-4.459538333;4.12189579;Thu May 24 11:12:15 GMT+02:00 2018;;;;
36.71946833;-4.4599;3.2139256;Thu May 24 11:12:07 GMT+02:00 2018;;;;
36.71924833;-4.460128333;3.668425322;Thu May 24 11:11:58 GMT+02:00 2018;;;;
36.71897167;-4.460041667;3.173777103;Thu May 24 11:11:49 GMT+02:00 2018;;;;
36.71874167;-4.460245;4.032333851;Thu May 24 11:11:41 GMT+02:00 2018;;;;
36.71872167;-4.460618333;3.459448099;Thu May 24 11:11:34 GMT+02:00 2018;;;;
36.71871333;-4.460971667;4.698384285;Thu May 24 11:11:27 GMT+02:00 2018;;;;
36.718595;-4.461313333;5.241930962;Thu May 24 11:11:21 GMT+02:00 2018;;;;
36.718575;-4.46169;4.133219242;Thu May 24 11:11:15 GMT+02:00 2018;;;;
36.71852167;-4.462051667;3.821812391;Thu May 24 11:11:08 GMT+02:00 2018;;;;
36.71841333;-4.462395;4.139396191;Thu May 24 11:11:02 GMT+02:00 2018;;;;
36.71837667;-4.462756667;4.755518436;Thu May 24 11:10:56 GMT+02:00 2018;;;;
36.71831333;-4.463118333;3.733794928;Thu May 24 11:10:49 GMT+02:00 2018;;;;
36.71823833;-4.46345;3.639600754;Thu May 24 11:10:42 GMT+02:00 2018;;;;
36.71821833;-4.463793333;3.294222116;Thu May 24 11:10:33 GMT+02:00 2018;;;;
36.71813833;-4.464128333;2.41044426;Thu May 24 11:10:22 GMT+02:00 2018;;;;
36.71806333;-4.464451667;3.593275785;Thu May 24 11:10:12 GMT+02:00 2018;;;;
36.71803167;-4.464791667;3.502684832;Thu May 24 11:10:04 GMT+02:00 2018;;;;
36.71798833;-4.46515;4.357123375;Thu May 24 11:09:56 GMT+02:00 2018;;;;
36.71811667;-4.465488333;4.11726284;Thu May 24 11:09:49 GMT+02:00 2018;;;;
36.71811333;-4.465875;4.176970959;Thu May 24 11:09:41 GMT+02:00 2018;;;;
36.71806333;-4.46621;3.043037891;Thu May 24 11:09:34 GMT+02:00 2018;;;;
36.718015;-4.466543333;3.60768795;Thu May 24 11:09:25 GMT+02:00 2018;;;;
36.71795167;-4.466905;4.220207691;Thu May 24 11:09:17 GMT+02:00 2018;;;;
36.71792;-4.467245;4.041598797;Thu May 24 11:09:11 GMT+02:00 2018;;;;
36.71807;-4.467563333;3.996818066;Thu May 24 11:09:04 GMT+02:00 2018;;;;
36.717985;-4.467883333;4.296386242;Thu May 24 11:08:58 GMT+02:00 2018;;;;
36.71785667;-4.468223333;3.246353149;Thu May 24 11:08:51 GMT+02:00 2018;;;;
36.71758833;-4.468371667;3.412608385;Thu May 24 11:08:41 GMT+02:00 2018;;;;
36.7173;-4.468255;3.642689228;Thu May 24 11:08:33 GMT+02:00 2018;;;;
36.717025;-4.468296667;3.720927;Thu May 24 11:08:18 GMT+02:00 2018;;;;
36.71697167;-4.468663333;3.468713045;Thu May 24 11:08:11 GMT+02:00 2018;;;;
36.7169;-4.468988333;3.553642273;Thu May 24 11:08:03 GMT+02:00 2018;;;;
36.716835;-4.469341667;4.274253368;Thu May 24 11:07:55 GMT+02:00 2018;;;;
36.71680833;-4.469695;3.819238901;Thu May 24 11:07:48 GMT+02:00 2018;;;;
36.71674833;-4.470046667;3.391504765;Thu May 24 11:07:39 GMT+02:00 2018;;;;
36.71669833;-4.470401667;3.956155062;Thu May 24 11:07:31 GMT+02:00 2018;;;;
36.716645;-4.47078;3.668940067;Thu May 24 11:07:23 GMT+02:00 2018;;;;
36.71656333;-4.471141667;4.291753769;Thu May 24 11:07:15 GMT+02:00 2018;;;;
36.71651;-4.471511667;4.150720119;Thu May 24 11:07:08 GMT+02:00 2018;;;;
36.71645667;-4.471851667;4.3823452;Thu May 24 11:07:01 GMT+02:00 2018;;;;
36.716435;-4.47221;3.232455492;Thu May 24 11:06:54 GMT+02:00 2018;;;;
36.71636;-4.472556667;3.825415611;Thu May 24 11:06:46 GMT+02:00 2018;;;;
36.716305;-4.472921667;3.600481987;Thu May 24 11:06:38 GMT+02:00 2018;;;;
36.716245;-4.473258333;3.889241219;Thu May 24 11:06:31 GMT+02:00 2018;;;;
36.71617833;-4.473598333;3.524302959;Thu May 24 11:06:23 GMT+02:00 2018;;;;
36.71609667;-4.473966667;4.078659058;Thu May 24 11:06:14 GMT+02:00 2018;;;;
36.71601667;-4.47432;4.162044048;Thu May 24 11:06:06 GMT+02:00 2018;;;;
36.71588333;-4.474661667;3.816150665;Thu May 24 11:05:57 GMT+02:00 2018;;;;
36.71575333;-4.474995;4.8435359;Thu May 24 11:05:48 GMT+02:00 2018;;;;
36.71584333;-4.47534;4.445141315;Thu May 24 11:05:40 GMT+02:00 2018;;;;
36.71583667;-4.47569;5.109647274;Thu May 24 11:05:34 GMT+02:00 2018;;;;
36.71565167;-4.475953333;4.537791252;Thu May 24 11:05:27 GMT+02:00 2018;;;;
36.71554167;-4.476316667;4.530584812;Thu May 24 11:05:20 GMT+02:00 2018;;;;
36.715475;-4.47669;2.520594835;Thu May 24 11:05:11 GMT+02:00 2018;;;;
36.71542833;-4.47703;3.298854828;Thu May 24 11:05:01 GMT+02:00 2018;;;;
36.71551667;-4.47735;2.651334047;Thu May 24 11:04:52 GMT+02:00 2018;;;;
36.71527667;-4.47752;0;Thu May 24 11:04:37 GMT+02:00 2018;;;;
36.715005;-4.477515;0;Thu May 24 11:03:56 GMT+02:00 2018;;;;
36.71497333;-4.47786;0;Thu May 24 11:03:33 GMT+02:00 2018;;;;
36.714945;-4.478205;0;Thu May 24 11:02:48 GMT+02:00 2018;;;;
36.71501333;-4.47853;0;Thu May 24 11:02:25 GMT+02:00 2018;;;;
36.71490167;-4.478868333;0;Thu May 24 11:02:22 GMT+02:00 2018;;;;
36.71489333;-4.479293333;1.750570297;Thu May 24 11:01:54 GMT+02:00 2018;;;;
36.71507;-4.479006667;0;Thu May 24 11:01:43 GMT+02:00 2018;;;;
36.71532833;-4.478875;0;Thu May 24 11:01:28 GMT+02:00 2018;;;;
36.71524667;-4.478533333;0;Thu May 24 10:59:41 GMT+02:00 2018;;;;
36.71515833;-4.47886;0;Thu May 24 10:58:30 GMT+02:00 2018;;;;
36.715025;-4.478565;1.223494768;Thu May 24 10:56:47 GMT+02:00 2018;;;;
36.714905;-4.478261667;0.560017765;Thu May 24 10:56:17 GMT+02:00 2018;;;;
36.71483333;-4.477931667;1.231215596;Thu May 24 10:55:37 GMT+02:00 2018;;;;
36.71474667;-4.477603333;1.182831645;Thu May 24 10:55:17 GMT+02:00 2018;;;;
36.71448667;-4.477455;0;Thu May 24 10:48:13 GMT+02:00 2018;;;;
36.71463667;-4.477735;0;Thu May 24 10:46:30 GMT+02:00 2018;;;;
36.71470333;-4.477408333;0.813775837;Thu May 24 10:43:33 GMT+02:00 2018;;;;
36.71546167;-4.478996667;0;Thu May 24 09:08:56 GMT+02:00 2018;;;;
36.71591;-4.478293333;0;Thu May 24 08:46:51 GMT+02:00 2018;;;;
36.71515833;-4.478493333;1.718142748;Thu May 24 08:45:03 GMT+02:00 2018;;;;
36.71486333;-4.478848333;0;Thu May 24 08:44:07 GMT+02:00 2018;;;;
36.715335;-4.47838;1.690347791;Thu May 24 08:42:30 GMT+02:00 2018;;;;
36.71529;-4.478713333;0;Thu May 24 08:41:29 GMT+02:00 2018;;;;
36.71496667;-4.478845;2.227717876;Thu May 24 08:37:16 GMT+02:00 2018;;;;
36.71519333;-4.478655;0;Thu May 24 08:37:09 GMT+02:00 2018;;;;
36.71541667;-4.478446667;3.527391434;Thu May 24 08:36:45 GMT+02:00 2018;;;;
36.71518167;-4.478658333;0;Thu May 24 08:36:14 GMT+02:00 2018;;;;
36.715165;-4.478321667;3.117157698;Thu May 24 08:35:38 GMT+02:00 2018;;;;
36.71506833;-4.47865;0;Thu May 24 08:35:32 GMT+02:00 2018;;;;
36.715095;-4.479;0;Thu May 24 08:34:45 GMT+02:00 2018;;;;
36.71507667;-4.47864;1.199817538;Thu May 24 08:34:16 GMT+02:00 2018;;;;
36.71517833;-4.478328333;0;Thu May 24 08:31:50 GMT+02:00 2018;;;;
36.71521167;-4.478775;0;Thu May 24 08:30:56 GMT+02:00 2018;;;;
36.715145;-4.478445;0;Thu May 24 08:30:36 GMT+02:00 2018;;;;
36.71496833;-4.478701667;0;Thu May 24 08:29:21 GMT+02:00 2018;;;;
36.71496833;-4.478355;0;Thu May 24 08:28:48 GMT+02:00 2018;;;;
36.715025;-4.478026667;0.676344991;Thu May 24 08:28:28 GMT+02:00 2018;;;;
36.71494;-4.4777;0;Thu May 24 08:27:56 GMT+02:00 2018;;;;
36.71507333;-4.477373333;0;Thu May 24 08:27:32 GMT+02:00 2018;;;;
36.715435;-4.477295;0;Thu May 24 08:27:04 GMT+02:00 2018;;;;
36.71568667;-4.477428333;0;Thu May 24 08:26:21 GMT+02:00 2018;;;;
36.71558167;-4.47707;3.033772707;Thu May 24 08:26:03 GMT+02:00 2018;;;;
36.71553;-4.476733333;3.702911615;Thu May 24 08:25:55 GMT+02:00 2018;;;;
36.71565;-4.476383333;3.644747972;Thu May 24 08:25:47 GMT+02:00 2018;;;;
36.71578333;-4.476051667;3.841886759;Thu May 24 08:25:40 GMT+02:00 2018;;;;
36.71598;-4.475756667;2.926710606;Thu May 24 08:25:34 GMT+02:00 2018;;;;
36.716135;-4.475408333;3.595334768;Thu May 24 08:25:26 GMT+02:00 2018;;;;
36.71621;-4.475063333;3.24892664;Thu May 24 08:25:20 GMT+02:00 2018;;;;
36.7162;-4.474705;4.323152065;Thu May 24 08:25:13 GMT+02:00 2018;;;;
36.71627167;-4.474368333;2.46654892;Thu May 24 08:25:07 GMT+02:00 2018;;;;
36.71640833;-4.474043333;3.347238541;Thu May 24 08:25:00 GMT+02:00 2018;;;;
36.71653167;-4.473695;3.929904222;Thu May 24 08:24:54 GMT+02:00 2018;;;;
36.7166;-4.473305;4.089982986;Thu May 24 08:24:48 GMT+02:00 2018;;;;
36.71658167;-4.47295;4.527496815;Thu May 24 08:24:41 GMT+02:00 2018;;;;
36.71659;-4.472566667;4.756547928;Thu May 24 08:24:34 GMT+02:00 2018;;;;
36.71662667;-4.472211667;4.591836929;Thu May 24 08:24:28 GMT+02:00 2018;;;;
36.71666833;-4.471831667;4.643309116;Thu May 24 08:24:22 GMT+02:00 2018;;;;
36.71671333;-4.471495;4.27528286;Thu May 24 08:24:17 GMT+02:00 2018;;;;
36.71676167;-4.471116667;4.689634323;Thu May 24 08:24:11 GMT+02:00 2018;;;;
36.71680667;-4.470726667;4.71639967;Thu May 24 08:24:05 GMT+02:00 2018;;;;
36.71683667;-4.470373333;3.958213806;Thu May 24 08:23:59 GMT+02:00 2018;;;;
36.71688167;-4.469995;4.115204334;Thu May 24 08:23:52 GMT+02:00 2018;;;;
36.71691;-4.469638333;3.005977869;Thu May 24 08:23:44 GMT+02:00 2018;;;;
36.71697333;-4.469286667;4.583086491;Thu May 24 08:23:37 GMT+02:00 2018;;;;
36.71701333;-4.468948333;4.836844921;Thu May 24 08:23:31 GMT+02:00 2018;;;;
36.71701833;-4.468553333;4.085865021;Thu May 24 08:23:24 GMT+02:00 2018;;;;
36.71707833;-4.468225;2.878326654;Thu May 24 08:23:16 GMT+02:00 2018;;;;
36.71733;-4.468093333;4.638676643;Thu May 24 08:23:07 GMT+02:00 2018;;;;
36.71760167;-4.46817;4.722576618;Thu May 24 08:23:02 GMT+02:00 2018;;;;
36.717925;-4.468123333;4.75345993;Thu May 24 08:22:56 GMT+02:00 2018;;;;
36.71822167;-4.468001667;3.490331411;Thu May 24 08:22:51 GMT+02:00 2018;;;;
36.71839333;-4.467735;3.573716402;Thu May 24 08:22:46 GMT+02:00 2018;;;;
36.718475;-4.467358333;4.291239262;Thu May 24 08:22:39 GMT+02:00 2018;;;;
36.718525;-4.466978333;4.078144073;Thu May 24 08:22:32 GMT+02:00 2018;;;;
36.718365;-4.466668333;5.409730434;Thu May 24 08:22:24 GMT+02:00 2018;;;;
36.71834167;-4.466313333;5.086999893;Thu May 24 08:22:18 GMT+02:00 2018;;;;
36.7183;-4.465956667;4.419919491;Thu May 24 08:22:11 GMT+02:00 2018;;;;
36.71824333;-4.465603333;4.508966446;Thu May 24 08:22:03 GMT+02:00 2018;;;;
36.71820333;-4.465256667;5.009276867;Thu May 24 08:21:57 GMT+02:00 2018;;;;
36.71801333;-4.464958333;4.831697464;Thu May 24 08:21:51 GMT+02:00 2018;;;;
36.71799833;-4.464588333;4.862580776;Thu May 24 08:21:44 GMT+02:00 2018;;;;
36.718025;-4.464205;5.270755768;Thu May 24 08:21:38 GMT+02:00 2018;;;;
36.71813833;-4.463875;2.910754204;Thu May 24 08:21:31 GMT+02:00 2018;;;;
36.71811833;-4.463518333;4.30256319;Thu May 24 08:21:22 GMT+02:00 2018;;;;
36.71816833;-4.463153333;4.205795288;Thu May 24 08:21:15 GMT+02:00 2018;;;;
36.71823667;-4.462773333;3.688499451;Thu May 24 08:21:08 GMT+02:00 2018;;;;
36.71832;-4.462448333;4.335505486;Thu May 24 08:21:01 GMT+02:00 2018;;;;
36.71838333;-4.462096667;3.988582611;Thu May 24 08:20:54 GMT+02:00 2018;;;;
36.71845833;-4.461746667;3.807914972;Thu May 24 08:20:47 GMT+02:00 2018;;;;
36.71853667;-4.461418333;4.460582733;Thu May 24 08:20:40 GMT+02:00 2018;;;;
36.7186;-4.461071667;4.279915333;Thu May 24 08:20:33 GMT+02:00 2018;;;;
36.71876167;-4.460793333;5.070528507;Thu May 24 08:20:25 GMT+02:00 2018;;;;
36.71884667;-4.460448333;5.336639881;Thu May 24 08:20:17 GMT+02:00 2018;;;;
36.71899167;-4.460116667;5.481276989;Thu May 24 08:20:10 GMT+02:00 2018;;;;
36.719295;-4.460085;4.523378849;Thu May 24 08:20:04 GMT+02:00 2018;;;;
36.71955167;-4.459961667;3.991670847;Thu May 24 08:19:57 GMT+02:00 2018;;;;
36.71968;-4.459641667;3.704455853;Thu May 24 08:19:50 GMT+02:00 2018;;;;
36.71993333;-4.45946;3.786811352;Thu May 24 08:19:42 GMT+02:00 2018;;;;
36.72008833;-4.459163333;3.42702055;Thu May 24 08:19:33 GMT+02:00 2018;;;;
36.72003833;-4.458808333;2.562801838;Thu May 24 08:19:24 GMT+02:00 2018;;;;
36.71991833;-4.458481667;3.495993376;Thu May 24 08:19:13 GMT+02:00 2018;;;;
36.71986833;-4.458106667;3.021934271;Thu May 24 08:19:05 GMT+02:00 2018;;;;
36.71983833;-4.457735;4.250061512;Thu May 24 08:18:57 GMT+02:00 2018;;;;
36.71980833;-4.45736;3.487242937;Thu May 24 08:18:49 GMT+02:00 2018;;;;
36.71979333;-4.457018333;3.720412254;Thu May 24 08:18:41 GMT+02:00 2018;;;;
36.71976833;-4.456668333;3.188704252;Thu May 24 08:18:33 GMT+02:00 2018;;;;
36.719745;-4.456308333;3.26385355;Thu May 24 08:18:24 GMT+02:00 2018;;;;
36.71974167;-4.455935;3.022448778;Thu May 24 08:18:15 GMT+02:00 2018;;;;
36.719745;-4.455583333;3.728132963;Thu May 24 08:18:06 GMT+02:00 2018;;;;
36.719775;-4.455215;4.244399548;Thu May 24 08:17:58 GMT+02:00 2018;;;;
36.71989333;-4.45485;4.166676521;Thu May 24 08:17:52 GMT+02:00 2018;;;;
36.72006;-4.454505;3.9839499;Thu May 24 08:17:47 GMT+02:00 2018;;;;
36.72024667;-4.45419;3.093995333;Thu May 24 08:17:42 GMT+02:00 2018;;;;
36.72038667;-4.453828333;3.78938508;Thu May 24 08:17:35 GMT+02:00 2018;;;;
36.72041833;-4.453455;3.781664133;Thu May 24 08:17:28 GMT+02:00 2018;;;;
36.72028667;-4.453123333;3.267971277;Thu May 24 08:17:18 GMT+02:00 2018;;;;
36.72016333;-4.452791667;2.65081954;Thu May 24 08:16:57 GMT+02:00 2018;;;;
36.72005833;-4.452461667;2.886562109;Thu May 24 08:16:47 GMT+02:00 2018;;;;
36.71989833;-4.452176667;3.419299841;Thu May 24 08:16:38 GMT+02:00 2018;;;;
36.719635;-4.452065;1.367616892;Thu May 24 08:16:32 GMT+02:00 2018;;;;
36.71952;-4.45175;2.843840361;Thu May 24 08:16:20 GMT+02:00 2018;;;;
36.71955167;-4.451388333;3.136717319;Thu May 24 08:16:11 GMT+02:00 2018;;;;
36.71946;-4.451041667;3.258191586;Thu May 24 08:16:01 GMT+02:00 2018;;;;
36.71938;-4.450683333;2.899430275;Thu May 24 08:15:51 GMT+02:00 2018;;;;
36.71927167;-4.450363333;3.15782094;Thu May 24 08:15:41 GMT+02:00 2018;;;;
36.71920833;-4.450035;3.680263996;Thu May 24 08:15:33 GMT+02:00 2018;;;;
36.71915;-4.449688333;3.476433992;Thu May 24 08:15:25 GMT+02:00 2018;;;;
36.71906833;-4.449363333;3.410549402;Thu May 24 08:15:16 GMT+02:00 2018;;;;
36.71900833;-4.449018333;3.458933353;Thu May 24 08:15:08 GMT+02:00 2018;;;;
36.71885333;-4.44872;3.074435949;Thu May 24 08:14:56 GMT+02:00 2018;;;;
36.718965;-4.448405;2.777441025;Thu May 24 08:14:45 GMT+02:00 2018;;;;
36.71891667;-4.448066667;2.529345036;Thu May 24 08:14:37 GMT+02:00 2018;;;;
36.718905;-4.447711667;2.667805195;Thu May 24 08:14:28 GMT+02:00 2018;;;;
36.71895833;-4.447358333;2.112934828;Thu May 24 08:14:20 GMT+02:00 2018;;;;
36.71903667;-4.447013333;2.681702852;Thu May 24 08:14:11 GMT+02:00 2018;;;;
36.719015;-4.446673333;3.176865578;Thu May 24 08:14:03 GMT+02:00 2018;;;;
36.71903333;-4.446298333;2.516991615;Thu May 24 08:13:53 GMT+02:00 2018;;;;
36.71895667;-4.445963333;2.473240376;Thu May 24 08:13:43 GMT+02:00 2018;;;;
36.71886667;-4.445636667;2.328603268;Thu May 24 08:13:34 GMT+02:00 2018;;;;
36.718835;-4.445276667;2.336838961;Thu May 24 08:13:21 GMT+02:00 2018;;;;
36.718715;-4.444956667;2.477872849;Thu May 24 08:13:13 GMT+02:00 2018;;;;
36.71873833;-4.444621667;2.405297041;Thu May 24 08:13:03 GMT+02:00 2018;;;;
36.71865667;-4.44429;2.681702852;Thu May 24 08:12:54 GMT+02:00 2018;;;;
36.71864;-4.443948333;2.460886955;Thu May 24 08:12:45 GMT+02:00 2018;;;;
36.71854833;-4.4436;1.73152554;Thu May 24 08:12:35 GMT+02:00 2018;;;;
36.71854167;-4.44326;2.248821497;Thu May 24 08:12:22 GMT+02:00 2018;;;;
36.71844;-4.442946667;1.818513632;Thu May 24 08:12:11 GMT+02:00 2018;;;;
36.71847;-4.44261;2.883988619;Thu May 24 08:12:01 GMT+02:00 2018;;;;
36.71846;-4.44225;2.422797441;Thu May 24 08:11:51 GMT+02:00 2018;;;;
36.718425;-4.441883333;2.135582447;Thu May 24 08:11:40 GMT+02:00 2018;;;;
36.71839833;-4.44154;2.565890312;Thu May 24 08:11:30 GMT+02:00 2018;;;;
36.71834333;-4.44121;2.358457327;Thu May 24 08:11:20 GMT+02:00 2018;;;;
36.71834;-4.440853333;1.996092796;Thu May 24 08:11:09 GMT+02:00 2018;;;;
36.718315;-4.440503333;2.555081129;Thu May 24 08:10:59 GMT+02:00 2018;;;;
36.71828667;-4.44013;2.611700535;Thu May 24 08:10:49 GMT+02:00 2018;;;;
36.71828667;-4.439756667;2.508241415;Thu May 24 08:10:39 GMT+02:00 2018;;;;
36.718255;-4.4394;2.503608942;Thu May 24 08:10:32 GMT+02:00 2018;;;;
36.71824333;-4.439001667;2.864429235;Thu May 24 08:10:25 GMT+02:00 2018;;;;
36.71813667;-4.438691667;2.651848793;Thu May 24 08:10:17 GMT+02:00 2018;;;;
36.71805167;-4.438346667;2.869061708;Thu May 24 08:10:02 GMT+02:00 2018;;;;
36.71802833;-4.437986667;1.689318299;Thu May 24 08:09:53 GMT+02:00 2018;;;;
36.71801333;-4.437628333;1.604903936;Thu May 24 08:09:45 GMT+02:00 2018;;;;
36.71788833;-4.43733;2.235438585;Thu May 24 08:09:37 GMT+02:00 2018;;;;
36.71769833;-4.437053333;3.731736183;Thu May 24 08:09:27 GMT+02:00 2018;;;;
36.71756833;-4.436715;3.059508801;Thu May 24 08:09:21 GMT+02:00 2018;;;;
36.717485;-4.436348333;3.078038931;Thu May 24 08:09:15 GMT+02:00 2018;;;;
36.71745833;-4.435991667;2.583390951;Thu May 24 08:09:02 GMT+02:00 2018;;;;
36.717515;-4.435636667;3.891299963;Thu May 24 08:08:52 GMT+02:00 2018;;;;
36.71750667;-4.435298333;4.090497494;Thu May 24 08:08:46 GMT+02:00 2018;;;;
36.717525;-4.434916667;3.188189507;Thu May 24 08:08:40 GMT+02:00 2018;;;;
36.71746167;-4.434536667;3.864534378;Thu May 24 08:08:33 GMT+02:00 2018;;;;
36.71745;-4.434198333;4.227413654;Thu May 24 08:08:28 GMT+02:00 2018;;;;
36.71743167;-4.43381;2.829942703;Thu May 24 08:08:23 GMT+02:00 2018;;;;
36.7174;-4.433416667;2.710012436;Thu May 24 08:08:14 GMT+02:00 2018;;;;
36.71729167;-4.433095;3.752839804;Thu May 24 08:08:03 GMT+02:00 2018;;;;
36.71719667;-4.432753333;3.420329094;Thu May 24 08:07:55 GMT+02:00 2018;;;;
36.71722167;-4.432396667;2.844869614;Thu May 24 08:07:46 GMT+02:00 2018;;;;
36.71721333;-4.432053333;3.831077576;Thu May 24 08:07:39 GMT+02:00 2018;;;;
36.71723833;-4.43168;3.973140717;Thu May 24 08:07:33 GMT+02:00 2018;;;;
36.717235;-4.43131;3.851151705;Thu May 24 08:07:27 GMT+02:00 2018;;;;
36.71722333;-4.430941667;3.677690268;Thu May 24 08:07:21 GMT+02:00 2018;;;;
36.71719167;-4.430598333;3.666366339;Thu May 24 08:07:11 GMT+02:00 2018;;;;
36.71717;-4.430256667;3.136717319;Thu May 24 08:07:04 GMT+02:00 2018;;;;
36.71721167;-4.4299;3.461506844;Thu May 24 08:06:54 GMT+02:00 2018;;;;
36.71736;-4.429605;4.517716885;Thu May 24 08:06:47 GMT+02:00 2018;;;;
36.71743167;-4.429238333;4.62169075;Thu May 24 08:06:40 GMT+02:00 2018;;;;
36.71762333;-4.428976667;3.895932436;Thu May 24 08:06:32 GMT+02:00 2018;;;;
36.717885;-4.428863333;3.084730387;Thu May 24 08:06:25 GMT+02:00 2018;;;;
36.71817333;-4.428825;0;Thu May 24 08:06:13 GMT+02:00 2018;;;;
36.71836667;-4.428566667;3.944831133;Thu May 24 08:05:59 GMT+02:00 2018;;;;
36.71848667;-4.428235;0.511119187;Thu May 24 08:05:51 GMT+02:00 2018;;;;
36.71854667;-4.427905;2.246247768;Thu May 24 08:05:40 GMT+02:00 2018;;;;
36.71872833;-4.427626667;2.736263275;Thu May 24 08:05:30 GMT+02:00 2018;;;;
36.71888833;-4.42734;2.570522785;Thu May 24 08:05:20 GMT+02:00 2018;;;;
36.71901;-4.427003333;3.956669807;Thu May 24 08:05:11 GMT+02:00 2018;;;;
36.7191;-4.426655;5.119941711;Thu May 24 08:05:04 GMT+02:00 2018;;;;
36.71928333;-4.426305;1.615198374;Thu May 24 08:04:58 GMT+02:00 2018;;;;
36.71936167;-4.42596;2.868546963;Thu May 24 08:04:50 GMT+02:00 2018;;;;
36.719575;-4.425743333;4.232560635;Thu May 24 08:04:43 GMT+02:00 2018;;;;
36.71987;-4.425608333;4.517716885;Thu May 24 08:04:37 GMT+02:00 2018;;;;
36.72015333;-4.425541667;4.706105232;Thu May 24 08:04:31 GMT+02:00 2018;;;;
36.720455;-4.425461667;2.720306873;Thu May 24 08:04:25 GMT+02:00 2018;;;;
36.72066;-4.425241667;1.380485058;Thu May 24 08:04:14 GMT+02:00 2018;;;;
36.72092;-4.425116667;0;Thu May 24 08:03:54 GMT+02:00 2018;;;;
36.72081667;-4.424793333;1.878736138;Thu May 24 08:03:34 GMT+02:00 2018;;;;
36.72083833;-4.424451667;2.669349432;Thu May 24 08:03:26 GMT+02:00 2018;;;;
36.720895;-4.424118333;2.114478827;Thu May 24 08:03:18 GMT+02:00 2018;;;;
36.721115;-4.423913333;4.168735504;Thu May 24 08:03:09 GMT+02:00 2018;;;;
36.721385;-4.423728333;3.632909536;Thu May 24 08:02:54 GMT+02:00 2018;;;;
36.72161167;-4.423948333;3.732765436;Thu May 24 08:02:47 GMT+02:00 2018;;;;
36.72187667;-4.424151667;3.636512518;Thu May 24 08:02:40 GMT+02:00 2018;;;;
36.72217;-4.424158333;3.196424961;Thu May 24 08:02:33 GMT+02:00 2018;;;;
36.72245167;-4.424125;2.792368174;Thu May 24 08:02:26 GMT+02:00 2018;;;;
36.72272667;-4.424191667;4.196530342;Thu May 24 08:02:17 GMT+02:00 2018;;;;
36.72299167;-4.423978333;3.750780821;Thu May 24 08:02:10 GMT+02:00 2018;;;;
36.72318167;-4.423678333;3.167600632;Thu May 24 08:02:03 GMT+02:00 2018;;;;
36.72338667;-4.423441667;2.457283974;Thu May 24 08:01:57 GMT+02:00 2018;;;;
36.72346667;-4.423115;1.755717516;Thu May 24 08:01:49 GMT+02:00 2018;;;;
36.72353333;-4.42276;1.408794761;Thu May 24 08:01:34 GMT+02:00 2018;;;;
36.72341833;-4.422443333;0;Thu May 24 08:01:09 GMT+02:00 2018;;;;
36.72341833;-4.42189;0;Thu May 24 07:56:33 GMT+02:00 2018;;;;
36.72314833;-4.421966667;0;Thu May 24 07:56:08 GMT+02:00 2018;;;;
36.72284167;-4.421936667;4.896037579;Thu May 24 07:56:04 GMT+02:00 2018;;;;
