latitude;longitude;speed;date
36.71314707;-4.705363621;1.335134625;Sat May 05 14:56:08 GMT+02:00 2018
36.71304582;-4.705681281;1.219762325;Sat May 05 14:47:10 GMT+02:00 2018
36.71282663;-4.705466862;0.622954011;Sat May 05 14:44:36 GMT+02:00 2018
36.71262895;-4.705229741;1.17950201;Sat May 05 14:44:06 GMT+02:00 2018
36.71241977;-4.70500243;0.920482635;Sat May 05 14:42:14 GMT+02:00 2018
36.71262026;-4.705240385;1.083813906;Sat May 05 14:41:51 GMT+02:00 2018
36.71284193;-4.705451352;0.569602966;Sat May 05 14:35:30 GMT+02:00 2018
36.7131016;-4.705571093;1.218838573;Sat May 05 14:34:42 GMT+02:00 2018
36.7132523;-4.705266655;0.756079912;Sat May 05 14:10:11 GMT+02:00 2018
36.71308437;-4.705533461;0.879142463;Sat May 05 13:27:44 GMT+02:00 2018
36.713219;-4.705230024;0.500291109;Sat May 05 13:21:28 GMT+02:00 2018
36.71324432;-4.704889266;1.218511343;Sat May 05 13:12:08 GMT+02:00 2018
36.71330922;-4.705219911;0.946056724;Sat May 05 13:09:59 GMT+02:00 2018
36.71310963;-4.705462605;0.759370327;Sat May 05 13:02:24 GMT+02:00 2018
36.71301827;-4.705782877;1.829399109;Sat May 05 12:59:27 GMT+02:00 2018
36.71327826;-4.705914122;2.060853958;Sat May 05 12:59:14 GMT+02:00 2018
36.71342771;-4.706194948;1.747466683;Sat May 05 12:59:00 GMT+02:00 2018
36.71366855;-4.706354311;2.315109491;Sat May 05 12:58:37 GMT+02:00 2018
36.71380589;-4.706656928;2.360470772;Sat May 05 12:58:24 GMT+02:00 2018
36.71398142;-4.706374443;3.728130579;Sat May 05 12:58:14 GMT+02:00 2018
36.71415824;-4.706077981;3.058979034;Sat May 05 12:58:06 GMT+02:00 2018
36.71433917;-4.70577405;2.518311739;Sat May 05 12:57:55 GMT+02:00 2018
36.7146178;-4.705884541;2.915675879;Sat May 05 12:57:43 GMT+02:00 2018
36.71488537;-4.705761771;5.260757446;Sat May 05 12:57:26 GMT+02:00 2018
36.71513809;-4.705539173;4.831300259;Sat May 05 12:57:20 GMT+02:00 2018
36.71524916;-4.705198852;4.624475002;Sat May 05 12:57:13 GMT+02:00 2018
36.71539807;-4.704888265;4.641219139;Sat May 05 12:57:06 GMT+02:00 2018
36.71551244;-4.704561019;4.57056427;Sat May 05 12:56:59 GMT+02:00 2018
36.71564403;-4.704233563;3.767575979;Sat May 05 12:56:52 GMT+02:00 2018
36.71580152;-4.70392251;5.727475166;Sat May 05 12:56:45 GMT+02:00 2018
36.71590397;-4.703595216;6.344216824;Sat May 05 12:56:40 GMT+02:00 2018
36.71602947;-4.703233269;5.210424423;Sat May 05 12:56:34 GMT+02:00 2018
36.71616407;-4.702877599;4.757284164;Sat May 05 12:56:27 GMT+02:00 2018
36.71625609;-4.702537251;5.28757906;Sat May 05 12:56:20 GMT+02:00 2018
36.71647352;-4.70230784;4.700626373;Sat May 05 12:56:14 GMT+02:00 2018
36.71670417;-4.702129784;3.691281319;Sat May 05 12:56:07 GMT+02:00 2018
36.71696239;-4.701939482;3.539437294;Sat May 05 12:55:59 GMT+02:00 2018
36.71721502;-4.701790357;4.127527714;Sat May 05 12:55:50 GMT+02:00 2018
36.7174672;-4.701628751;4.076280594;Sat May 05 12:55:42 GMT+02:00 2018
36.71771275;-4.701432964;4.880145073;Sat May 05 12:55:34 GMT+02:00 2018
36.7179822;-4.701319424;4.614049911;Sat May 05 12:55:27 GMT+02:00 2018
36.71825776;-4.701137878;2.435461283;Sat May 05 12:55:23 GMT+02:00 2018
36.71856447;-4.700985;2.328003168;Sat May 05 12:54:19 GMT+02:00 2018
36.71874675;-4.701251974;2.733905792;Sat May 05 12:54:07 GMT+02:00 2018
36.71893948;-4.701487767;2.665184259;Sat May 05 12:53:54 GMT+02:00 2018
36.7191422;-4.701724908;2.213727236;Sat May 05 12:53:43 GMT+02:00 2018
36.71933704;-4.701975325;3.463509083;Sat May 05 12:53:30 GMT+02:00 2018
36.71955219;-4.702224332;3.959795237;Sat May 05 12:53:21 GMT+02:00 2018
36.71975685;-4.702449289;2.701431513;Sat May 05 12:53:12 GMT+02:00 2018
36.71989976;-4.702745258;8.938682556;Sat May 05 12:53:00 GMT+02:00 2018
36.71985954;-4.703114001;7.682300568;Sat May 05 12:52:56 GMT+02:00 2018
36.71981021;-4.70350024;10.00759888;Sat May 05 12:52:52 GMT+02:00 2018
36.71976621;-4.703851341;11.29517365;Sat May 05 12:52:49 GMT+02:00 2018
36.71974297;-4.704251651;12.38541412;Sat May 05 12:52:46 GMT+02:00 2018
36.71975772;-4.70468899;13.54593658;Sat May 05 12:52:43 GMT+02:00 2018
36.7198145;-4.705163015;14.65247917;Sat May 05 12:52:40 GMT+02:00 2018
36.71992027;-4.705637133;14.79729557;Sat May 05 12:52:37 GMT+02:00 2018
36.72002408;-4.705953189;15.10921669;Sat May 05 12:52:35 GMT+02:00 2018
36.72020543;-4.706399074;14.03347874;Sat May 05 12:52:32 GMT+02:00 2018
36.72039361;-4.706797687;12.92807674;Sat May 05 12:52:29 GMT+02:00 2018
36.720565;-4.7071528;12.380476;Sat May 05 12:52:26 GMT+02:00 2018
36.72075179;-4.707484956;12.02768612;Sat May 05 12:52:23 GMT+02:00 2018
36.72097322;-4.707784974;10.6797123;Sat May 05 12:52:20 GMT+02:00 2018
36.72120632;-4.708017298;10.67804146;Sat May 05 12:52:17 GMT+02:00 2018
36.72147252;-4.708196829;8.956392288;Sat May 05 12:52:14 GMT+02:00 2018
36.72179624;-4.7083838;6.298373699;Sat May 05 12:52:09 GMT+02:00 2018
36.72195161;-4.708674323;3.922168732;Sat May 05 12:51:50 GMT+02:00 2018
36.72222735;-4.708675589;5.062234402;Sat May 05 12:51:43 GMT+02:00 2018
36.7225288;-4.708794613;6.221772671;Sat May 05 12:51:38 GMT+02:00 2018
36.72275823;-4.708576495;5.634746552;Sat May 05 12:51:32 GMT+02:00 2018
36.72274159;-4.708223693;7.081944942;Sat May 05 12:51:27 GMT+02:00 2018
36.72275595;-4.707879329;7.686215401;Sat May 05 12:51:23 GMT+02:00 2018
36.72275458;-4.70752371;7.659779072;Sat May 05 12:51:19 GMT+02:00 2018
36.72271666;-4.707129637;7.43964386;Sat May 05 12:51:14 GMT+02:00 2018
36.72275675;-4.706785816;8.411927223;Sat May 05 12:51:10 GMT+02:00 2018
36.72279586;-4.706402574;8.242921829;Sat May 05 12:51:06 GMT+02:00 2018
36.72285746;-4.706023961;7.767323494;Sat May 05 12:51:02 GMT+02:00 2018
36.72286864;-4.705600307;6.456591606;Sat May 05 12:50:57 GMT+02:00 2018
36.72275899;-4.705234044;6.575085163;Sat May 05 12:50:52 GMT+02:00 2018
36.72259667;-4.704961953;6.12049675;Sat May 05 12:50:47 GMT+02:00 2018
36.7222828;-4.704880121;10.54056931;Sat May 05 12:50:42 GMT+02:00 2018
36.72193277;-4.704928481;10.19438362;Sat May 05 12:50:38 GMT+02:00 2018
36.72168004;-4.704768975;10.87690639;Sat May 05 12:50:35 GMT+02:00 2018
36.72150074;-4.704474155;10.78989601;Sat May 05 12:50:32 GMT+02:00 2018
36.72135766;-4.704138488;11.03373909;Sat May 05 12:50:29 GMT+02:00 2018
36.72126435;-4.703716039;9.215321541;Sat May 05 12:50:25 GMT+02:00 2018
36.72123468;-4.703330143;7.798062325;Sat May 05 12:50:21 GMT+02:00 2018
36.72116514;-4.70297766;7.637661457;Sat May 05 12:50:17 GMT+02:00 2018
36.72090897;-4.702852912;8.925759315;Sat May 05 12:50:13 GMT+02:00 2018
36.72058139;-4.702784844;9.858773232;Sat May 05 12:50:09 GMT+02:00 2018
36.72031066;-4.702723238;9.382330894;Sat May 05 12:50:06 GMT+02:00 2018
36.72017421;-4.702395265;8.129689217;Sat May 05 12:50:00 GMT+02:00 2018
36.7202986;-4.702002081;8.991666794;Sat May 05 12:49:56 GMT+02:00 2018
36.72030295;-4.701626119;7.054656029;Sat May 05 12:49:52 GMT+02:00 2018
36.72029181;-4.701272581;9.08069706;Sat May 05 12:49:48 GMT+02:00 2018
36.72020444;-4.700866502;9.246356964;Sat May 05 12:49:44 GMT+02:00 2018
36.72015463;-4.700437315;11.91382217;Sat May 05 12:49:40 GMT+02:00 2018
36.72015575;-4.699960562;16.36146736;Sat May 05 12:49:37 GMT+02:00 2018
36.72016877;-4.699572794;18.1385479;Sat May 05 12:49:35 GMT+02:00 2018
36.72019589;-4.699157284;19.17147827;Sat May 05 12:49:33 GMT+02:00 2018
36.72023816;-4.698733255;19.87244987;Sat May 05 12:49:31 GMT+02:00 2018
36.72029299;-4.698293163;20.52828979;Sat May 05 12:49:29 GMT+02:00 2018
36.7203359;-4.697843889;20.80058289;Sat May 05 12:49:27 GMT+02:00 2018
36.72038249;-4.697366616;22.65507507;Sat May 05 12:49:25 GMT+02:00 2018
36.7204235;-4.696863452;23.13446236;Sat May 05 12:49:23 GMT+02:00 2018
36.72045844;-4.696339283;24.43322945;Sat May 05 12:49:21 GMT+02:00 2018
36.72048821;-4.695791435;24.9740181;Sat May 05 12:49:19 GMT+02:00 2018
36.72049342;-4.695230043;24.52111053;Sat May 05 12:49:17 GMT+02:00 2018
36.7204739;-4.694672805;24.48723793;Sat May 05 12:49:15 GMT+02:00 2018
36.72042841;-4.694117339;25.49576187;Sat May 05 12:49:13 GMT+02:00 2018
36.72036462;-4.693557885;24.8755703;Sat May 05 12:49:11 GMT+02:00 2018
36.72028378;-4.693022892;24.34890556;Sat May 05 12:49:09 GMT+02:00 2018
36.72017644;-4.692495131;24.58511925;Sat May 05 12:49:07 GMT+02:00 2018
36.72004002;-4.691975393;24.56521606;Sat May 05 12:49:05 GMT+02:00 2018
36.71988698;-4.691462822;24.74010086;Sat May 05 12:49:03 GMT+02:00 2018
36.71972782;-4.690944101;25.09824944;Sat May 05 12:49:01 GMT+02:00 2018
36.71956654;-4.690423124;24.82912445;Sat May 05 12:48:59 GMT+02:00 2018
36.71940332;-4.689903523;25.08325386;Sat May 05 12:48:57 GMT+02:00 2018
36.71926756;-4.689361576;25.40994453;Sat May 05 12:48:55 GMT+02:00 2018
36.71915489;-4.688815709;25.41342163;Sat May 05 12:48:53 GMT+02:00 2018
36.71906262;-4.688259557;25.41820335;Sat May 05 12:48:51 GMT+02:00 2018
36.71901881;-4.687696498;25.5667057;Sat May 05 12:48:49 GMT+02:00 2018
36.71900132;-4.687135913;25.30423355;Sat May 05 12:48:47 GMT+02:00 2018
36.71900757;-4.686570497;25.54538536;Sat May 05 12:48:45 GMT+02:00 2018
36.71904262;-4.686003595;25.75647545;Sat May 05 12:48:43 GMT+02:00 2018
36.71911175;-4.685452386;25.09248734;Sat May 05 12:48:41 GMT+02:00 2018
36.71920506;-4.684907267;25.48549461;Sat May 05 12:48:39 GMT+02:00 2018
36.71934072;-4.684360323;26.16195679;Sat May 05 12:48:37 GMT+02:00 2018
36.71949845;-4.683798301;26.98669815;Sat May 05 12:48:35 GMT+02:00 2018
36.71965988;-4.683221097;26.96644592;Sat May 05 12:48:33 GMT+02:00 2018
36.71981574;-4.682639278;27.05920792;Sat May 05 12:48:31 GMT+02:00 2018
36.71997334;-4.682057411;27.32402611;Sat May 05 12:48:29 GMT+02:00 2018
36.72013661;-4.681469618;27.7477932;Sat May 05 12:48:27 GMT+02:00 2018
36.72029388;-4.680872386;27.6310215;Sat May 05 12:48:25 GMT+02:00 2018
36.72044009;-4.680289962;27.25609589;Sat May 05 12:48:23 GMT+02:00 2018
36.72057172;-4.679695786;27.13754654;Sat May 05 12:48:21 GMT+02:00 2018
36.72068276;-4.679105087;26.75377846;Sat May 05 12:48:19 GMT+02:00 2018
36.72077782;-4.678520624;26.50977516;Sat May 05 12:48:17 GMT+02:00 2018
36.72085896;-4.677949047;26.10618019;Sat May 05 12:48:15 GMT+02:00 2018
36.72092085;-4.677382912;25.92915344;Sat May 05 12:48:13 GMT+02:00 2018
36.72095708;-4.676818367;25.59184647;Sat May 05 12:48:11 GMT+02:00 2018
36.72097669;-4.676257145;25.06989479;Sat May 05 12:48:09 GMT+02:00 2018
36.72097282;-4.675699118;24.99752235;Sat May 05 12:48:07 GMT+02:00 2018
36.72095281;-4.675145781;24.75379944;Sat May 05 12:48:05 GMT+02:00 2018
36.720911;-4.674598461;24.20040894;Sat May 05 12:48:03 GMT+02:00 2018
36.72084845;-4.674049564;24.91665459;Sat May 05 12:48:01 GMT+02:00 2018
36.72076189;-4.673510692;23.99757576;Sat May 05 12:47:59 GMT+02:00 2018
36.72066285;-4.672987761;24.2619381;Sat May 05 12:47:57 GMT+02:00 2018
36.72055409;-4.67246293;23.79803658;Sat May 05 12:47:55 GMT+02:00 2018
36.72041911;-4.671960006;23.27824402;Sat May 05 12:47:53 GMT+02:00 2018
36.72026851;-4.6714628;24.33000374;Sat May 05 12:47:51 GMT+02:00 2018
36.72011216;-4.670964029;23.88232422;Sat May 05 12:47:49 GMT+02:00 2018
36.71994623;-4.670479227;23.61989403;Sat May 05 12:47:47 GMT+02:00 2018
36.71976458;-4.670011072;23.82168961;Sat May 05 12:47:45 GMT+02:00 2018
36.71956931;-4.669547236;23.57218933;Sat May 05 12:47:43 GMT+02:00 2018
36.7193594;-4.669090065;24.00127983;Sat May 05 12:47:41 GMT+02:00 2018
36.71913259;-4.668639927;23.57110214;Sat May 05 12:47:39 GMT+02:00 2018
36.71890182;-4.668200545;23.17651749;Sat May 05 12:47:37 GMT+02:00 2018
36.71866339;-4.667768952;23.50291443;Sat May 05 12:47:35 GMT+02:00 2018
36.71841935;-4.667345231;23.26254272;Sat May 05 12:47:33 GMT+02:00 2018
36.71817569;-4.666929286;23.2262764;Sat May 05 12:47:31 GMT+02:00 2018
36.71793011;-4.666518356;23.30222511;Sat May 05 12:47:29 GMT+02:00 2018
36.71768288;-4.666105971;23.38043976;Sat May 05 12:47:27 GMT+02:00 2018
36.71742632;-4.66568741;23.48206329;Sat May 05 12:47:25 GMT+02:00 2018
36.71716814;-4.665268435;23.67803574;Sat May 05 12:47:23 GMT+02:00 2018
36.71691229;-4.664841803;23.81403732;Sat May 05 12:47:21 GMT+02:00 2018
36.71665235;-4.664407398;24.18907738;Sat May 05 12:47:19 GMT+02:00 2018
36.71639829;-4.663964073;24.2736969;Sat May 05 12:47:17 GMT+02:00 2018
36.71615164;-4.663502813;24.60184479;Sat May 05 12:47:15 GMT+02:00 2018
36.71591048;-4.663030996;24.89531517;Sat May 05 12:47:13 GMT+02:00 2018
36.71567489;-4.662546263;25.49441147;Sat May 05 12:47:11 GMT+02:00 2018
36.71545141;-4.662051011;25.55990028;Sat May 05 12:47:09 GMT+02:00 2018
36.71524888;-4.661541804;25.75558472;Sat May 05 12:47:07 GMT+02:00 2018
36.71507205;-4.661009633;26.06504822;Sat May 05 12:47:05 GMT+02:00 2018
36.7149199;-4.660456226;26.08185768;Sat May 05 12:47:03 GMT+02:00 2018
36.71478331;-4.659887559;26.48095512;Sat May 05 12:47:01 GMT+02:00 2018
36.71467037;-4.659308009;26.23711586;Sat May 05 12:46:59 GMT+02:00 2018
36.71458567;-4.658732398;25.98867607;Sat May 05 12:46:57 GMT+02:00 2018
36.7145185;-4.658152343;26.40157318;Sat May 05 12:46:55 GMT+02:00 2018
36.71447852;-4.657558714;26.55762291;Sat May 05 12:46:53 GMT+02:00 2018
36.71446675;-4.656966848;26.61519432;Sat May 05 12:46:51 GMT+02:00 2018
36.71447183;-4.656378085;26.40237045;Sat May 05 12:46:49 GMT+02:00 2018
36.71448992;-4.65579659;26.44807625;Sat May 05 12:46:47 GMT+02:00 2018
36.71452629;-4.655212025;26.6153965;Sat May 05 12:46:45 GMT+02:00 2018
36.71457828;-4.65462536;26.7705555;Sat May 05 12:46:43 GMT+02:00 2018
36.71464111;-4.654034992;26.66318893;Sat May 05 12:46:41 GMT+02:00 2018
36.71470297;-4.653449997;26.68411446;Sat May 05 12:46:39 GMT+02:00 2018
36.71476635;-4.652858944;26.76976585;Sat May 05 12:46:37 GMT+02:00 2018
36.7148375;-4.652270507;26.47657776;Sat May 05 12:46:35 GMT+02:00 2018
36.7149186;-4.651684645;26.68816757;Sat May 05 12:46:33 GMT+02:00 2018
36.71500998;-4.651097618;26.7289753;Sat May 05 12:46:31 GMT+02:00 2018
36.7151181;-4.650511816;26.75239182;Sat May 05 12:46:29 GMT+02:00 2018
36.71523086;-4.649927352;26.90200233;Sat May 05 12:46:27 GMT+02:00 2018
36.71534984;-4.649345626;26.66785049;Sat May 05 12:46:25 GMT+02:00 2018
36.71547266;-4.648768762;26.48121262;Sat May 05 12:46:23 GMT+02:00 2018
36.71559912;-4.648192785;26.35292053;Sat May 05 12:46:21 GMT+02:00 2018
36.71572833;-4.647627018;25.84357834;Sat May 05 12:46:19 GMT+02:00 2018
36.71586315;-4.647064799;26.13493538;Sat May 05 12:46:17 GMT+02:00 2018
36.71600166;-4.646505594;25.82922935;Sat May 05 12:46:15 GMT+02:00 2018
36.71614736;-4.645947452;25.73073006;Sat May 05 12:46:13 GMT+02:00 2018
36.71628434;-4.6453945;24.99423027;Sat May 05 12:46:11 GMT+02:00 2018
36.71641318;-4.644856412;24.66716003;Sat May 05 12:46:09 GMT+02:00 2018
36.7165181;-4.644325593;23.89466286;Sat May 05 12:46:07 GMT+02:00 2018
36.71660284;-4.643801852;24.13867378;Sat May 05 12:46:05 GMT+02:00 2018
36.71669263;-4.643278075;23.96032524;Sat May 05 12:46:03 GMT+02:00 2018
36.71674201;-4.642747659;23.25755692;Sat May 05 12:46:01 GMT+02:00 2018
36.71675951;-4.642219345;23.08464813;Sat May 05 12:45:59 GMT+02:00 2018
36.71677588;-4.641695209;23.18429756;Sat May 05 12:45:57 GMT+02:00 2018
36.71679383;-4.641174294;23.07361984;Sat May 05 12:45:55 GMT+02:00 2018
36.71680809;-4.640652373;23.44112778;Sat May 05 12:45:53 GMT+02:00 2018
36.71682476;-4.640120124;23.91711998;Sat May 05 12:45:51 GMT+02:00 2018
36.71684099;-4.639584249;24.07172775;Sat May 05 12:45:49 GMT+02:00 2018
36.7168536;-4.639043494;24.62174606;Sat May 05 12:45:47 GMT+02:00 2018
36.71687621;-4.638492046;25.15101624;Sat May 05 12:45:45 GMT+02:00 2018
36.71689871;-4.637928647;25.51909637;Sat May 05 12:45:43 GMT+02:00 2018
36.71691776;-4.637361078;26.00191307;Sat May 05 12:45:41 GMT+02:00 2018
36.71693581;-4.636783026;25.8243618;Sat May 05 12:45:39 GMT+02:00 2018
36.71695286;-4.636203275;26.80875206;Sat May 05 12:45:37 GMT+02:00 2018
36.71696867;-4.635601332;26.74646378;Sat May 05 12:45:35 GMT+02:00 2018
36.71698984;-4.63500465;26.85492134;Sat May 05 12:45:33 GMT+02:00 2018
36.71700918;-4.634400901;27.35712814;Sat May 05 12:45:31 GMT+02:00 2018
36.71703263;-4.633788577;27.33514595;Sat May 05 12:45:29 GMT+02:00 2018
36.71705624;-4.633181522;26.94795609;Sat May 05 12:45:27 GMT+02:00 2018
36.71707991;-4.632572644;27.00871468;Sat May 05 12:45:25 GMT+02:00 2018
36.71709999;-4.631966938;27.02637863;Sat May 05 12:45:23 GMT+02:00 2018
36.71712002;-4.631370004;26.89464569;Sat May 05 12:45:21 GMT+02:00 2018
36.71714424;-4.630773577;26.74262619;Sat May 05 12:45:19 GMT+02:00 2018
36.7171762;-4.630180493;26.58262253;Sat May 05 12:45:17 GMT+02:00 2018
36.71721019;-4.629590226;26.45733452;Sat May 05 12:45:15 GMT+02:00 2018
36.71725546;-4.628998904;26.44442177;Sat May 05 12:45:13 GMT+02:00 2018
36.71730187;-4.628407166;26.26021194;Sat May 05 12:45:11 GMT+02:00 2018
36.7173509;-4.627817141;26.16794586;Sat May 05 12:45:09 GMT+02:00 2018
36.71739927;-4.627230656;25.88599586;Sat May 05 12:45:07 GMT+02:00 2018
36.71744741;-4.626646195;26.03997421;Sat May 05 12:45:05 GMT+02:00 2018
36.71749775;-4.626069982;25.44295883;Sat May 05 12:45:03 GMT+02:00 2018
36.71754617;-4.625510872;25.00691223;Sat May 05 12:45:01 GMT+02:00 2018
36.7175923;-4.624961746;25.1390667;Sat May 05 12:44:59 GMT+02:00 2018
36.71764631;-4.624410487;24.79906845;Sat May 05 12:44:57 GMT+02:00 2018
36.71769397;-4.623870509;24.18575478;Sat May 05 12:44:55 GMT+02:00 2018
36.71774212;-4.623344065;23.54622841;Sat May 05 12:44:53 GMT+02:00 2018
36.71778716;-4.622824938;23.56357002;Sat May 05 12:44:51 GMT+02:00 2018
36.71783142;-4.622305703;23.24966621;Sat May 05 12:44:49 GMT+02:00 2018
36.71787513;-4.621787558;23.3583107;Sat May 05 12:44:47 GMT+02:00 2018
36.71792227;-4.62127271;23.22360992;Sat May 05 12:44:45 GMT+02:00 2018
36.71797014;-4.620760648;23.13368988;Sat May 05 12:44:43 GMT+02:00 2018
36.7180193;-4.620243463;23.30897522;Sat May 05 12:44:41 GMT+02:00 2018
36.71806655;-4.619731017;23.25137138;Sat May 05 12:44:39 GMT+02:00 2018
36.71811492;-4.619215394;23.49567986;Sat May 05 12:44:37 GMT+02:00 2018
36.71816194;-4.618693771;23.96314049;Sat May 05 12:44:35 GMT+02:00 2018
36.71821474;-4.618162225;24.34862328;Sat May 05 12:44:33 GMT+02:00 2018
36.7182731;-4.617621976;24.40962029;Sat May 05 12:44:31 GMT+02:00 2018
36.71834807;-4.617085285;24.3174572;Sat May 05 12:44:29 GMT+02:00 2018
36.71844145;-4.616563275;24.09265137;Sat May 05 12:44:27 GMT+02:00 2018
36.71855656;-4.616053365;24.41082191;Sat May 05 12:44:25 GMT+02:00 2018
36.71869005;-4.615532617;24.93629646;Sat May 05 12:44:23 GMT+02:00 2018
36.71883501;-4.615004286;24.97314262;Sat May 05 12:44:21 GMT+02:00 2018
36.71898038;-4.614479792;24.66325378;Sat May 05 12:44:19 GMT+02:00 2018
36.71912433;-4.613961472;24.39819717;Sat May 05 12:44:17 GMT+02:00 2018
36.71927118;-4.613446806;24.49088287;Sat May 05 12:44:15 GMT+02:00 2018
36.7194187;-4.612936696;24.49920273;Sat May 05 12:44:13 GMT+02:00 2018
36.71956472;-4.612426325;23.6360569;Sat May 05 12:44:11 GMT+02:00 2018
36.71971145;-4.611931609;23.35433769;Sat May 05 12:44:09 GMT+02:00 2018
36.71985789;-4.611437139;23.61553574;Sat May 05 12:44:07 GMT+02:00 2018
36.71999886;-4.610939993;23.3061409;Sat May 05 12:44:05 GMT+02:00 2018
36.72013805;-4.610441868;23.18165398;Sat May 05 12:44:03 GMT+02:00 2018
36.72026922;-4.609952907;22.64204407;Sat May 05 12:44:01 GMT+02:00 2018
36.72038842;-4.60947823;22.24105644;Sat May 05 12:43:59 GMT+02:00 2018
36.72048712;-4.609005588;21.44779396;Sat May 05 12:43:57 GMT+02:00 2018
36.72055547;-4.608535246;21.03750992;Sat May 05 12:43:55 GMT+02:00 2018
36.72060038;-4.608067848;20.74570084;Sat May 05 12:43:53 GMT+02:00 2018
36.72062192;-4.607603462;20.52796555;Sat May 05 12:43:51 GMT+02:00 2018
36.72061441;-4.607145777;20.17516518;Sat May 05 12:43:49 GMT+02:00 2018
36.72059275;-4.606696346;19.65986252;Sat May 05 12:43:47 GMT+02:00 2018
36.7205518;-4.60625867;19.64031792;Sat May 05 12:43:45 GMT+02:00 2018
36.72050263;-4.605821219;19.39762878;Sat May 05 12:43:43 GMT+02:00 2018
36.72043073;-4.605391184;19.57569695;Sat May 05 12:43:41 GMT+02:00 2018
36.72034574;-4.604962052;19.64735222;Sat May 05 12:43:39 GMT+02:00 2018
36.72025269;-4.60453067;20.17031479;Sat May 05 12:43:37 GMT+02:00 2018
36.72016044;-4.6040919;20.50941849;Sat May 05 12:43:35 GMT+02:00 2018
36.72006336;-4.603642854;20.84778786;Sat May 05 12:43:33 GMT+02:00 2018
36.71996841;-4.603182966;21.35658455;Sat May 05 12:43:31 GMT+02:00 2018
36.71987158;-4.602714964;21.72784996;Sat May 05 12:43:29 GMT+02:00 2018
36.71977184;-4.602237814;22.15605736;Sat May 05 12:43:27 GMT+02:00 2018
36.71967152;-4.601754384;22.24464798;Sat May 05 12:43:25 GMT+02:00 2018
36.71957958;-4.601274016;21.94424057;Sat May 05 12:43:23 GMT+02:00 2018
36.71948905;-4.600802614;21.66296768;Sat May 05 12:43:21 GMT+02:00 2018
36.7193822;-4.600334174;21.73088837;Sat May 05 12:43:19 GMT+02:00 2018
36.71927807;-4.599867003;21.6946125;Sat May 05 12:43:17 GMT+02:00 2018
36.71917565;-4.599396367;21.41958618;Sat May 05 12:43:15 GMT+02:00 2018
36.71907871;-4.598931289;21.09862328;Sat May 05 12:43:13 GMT+02:00 2018
36.71898736;-4.598474313;21.01257515;Sat May 05 12:43:11 GMT+02:00 2018
36.71889848;-4.598023442;20.54527473;Sat May 05 12:43:09 GMT+02:00 2018
36.7188248;-4.597580779;20.01219177;Sat May 05 12:43:07 GMT+02:00 2018
36.71875935;-4.597141964;19.7741642;Sat May 05 12:43:05 GMT+02:00 2018
36.7187001;-4.596707599;19.21000671;Sat May 05 12:43:03 GMT+02:00 2018
36.71865136;-4.596280696;18.85827637;Sat May 05 12:43:01 GMT+02:00 2018
36.71861434;-4.595862043;18.53006554;Sat May 05 12:42:59 GMT+02:00 2018
36.71859091;-4.595453457;18.23442078;Sat May 05 12:42:57 GMT+02:00 2018
36.71857039;-4.595047566;18.12942696;Sat May 05 12:42:55 GMT+02:00 2018
36.71855686;-4.594635984;19.1062088;Sat May 05 12:42:53 GMT+02:00 2018
36.71855785;-4.594209153;19.45465851;Sat May 05 12:42:51 GMT+02:00 2018
36.71857216;-4.593776072;19.50105095;Sat May 05 12:42:49 GMT+02:00 2018
36.71859541;-4.593335939;19.73528671;Sat May 05 12:42:47 GMT+02:00 2018
36.71862376;-4.592890579;19.47047615;Sat May 05 12:42:45 GMT+02:00 2018
36.71865139;-4.592452749;19.82820892;Sat May 05 12:42:43 GMT+02:00 2018
36.71869852;-4.592009801;19.82515144;Sat May 05 12:42:41 GMT+02:00 2018
36.71874891;-4.591570818;19.85154724;Sat May 05 12:42:39 GMT+02:00 2018
36.71880687;-4.591123155;20.33506012;Sat May 05 12:42:37 GMT+02:00 2018
36.71887415;-4.590676522;20.12287331;Sat May 05 12:42:35 GMT+02:00 2018
36.71894279;-4.590231357;20.75336075;Sat May 05 12:42:33 GMT+02:00 2018
36.719026;-4.589773847;21.12324333;Sat May 05 12:42:31 GMT+02:00 2018
36.71911651;-4.589312331;21.58770752;Sat May 05 12:42:29 GMT+02:00 2018
36.71921207;-4.58884791;21.71188545;Sat May 05 12:42:27 GMT+02:00 2018
36.71930446;-4.588374097;22.00514603;Sat May 05 12:42:25 GMT+02:00 2018
36.71940448;-4.587895663;22.35396004;Sat May 05 12:42:23 GMT+02:00 2018
36.71950627;-4.58740945;22.68700027;Sat May 05 12:42:21 GMT+02:00 2018
36.71960782;-4.586908254;23.1900692;Sat May 05 12:42:19 GMT+02:00 2018
36.71970564;-4.586400504;23.15553474;Sat May 05 12:42:17 GMT+02:00 2018
36.71980178;-4.585894448;22.93772888;Sat May 05 12:42:15 GMT+02:00 2018
36.71990464;-4.58538718;23.25305176;Sat May 05 12:42:13 GMT+02:00 2018
36.72000969;-4.584881835;23.10456657;Sat May 05 12:42:11 GMT+02:00 2018
36.72011621;-4.584376261;23.30314445;Sat May 05 12:42:09 GMT+02:00 2018
36.72022036;-4.583866071;23.63241386;Sat May 05 12:42:07 GMT+02:00 2018
36.72032311;-4.583351103;23.71467972;Sat May 05 12:42:05 GMT+02:00 2018
36.7204239;-4.582831157;23.85303497;Sat May 05 12:42:03 GMT+02:00 2018
36.72052726;-4.582308139;23.93082809;Sat May 05 12:42:01 GMT+02:00 2018
36.72062866;-4.581790219;22.95063782;Sat May 05 12:41:59 GMT+02:00 2018
36.72072841;-4.581288157;23.57090187;Sat May 05 12:41:57 GMT+02:00 2018
36.72083377;-4.580780544;23.61213303;Sat May 05 12:41:55 GMT+02:00 2018
36.72094132;-4.58027802;23.18234634;Sat May 05 12:41:53 GMT+02:00 2018
36.72104654;-4.579785871;22.56068802;Sat May 05 12:41:51 GMT+02:00 2018
36.72115148;-4.579302193;22.1571064;Sat May 05 12:41:49 GMT+02:00 2018
36.72125151;-4.578822859;21.75940132;Sat May 05 12:41:47 GMT+02:00 2018
36.72133784;-4.578347355;21.87196541;Sat May 05 12:41:45 GMT+02:00 2018
36.72141061;-4.577868926;21.99647522;Sat May 05 12:41:43 GMT+02:00 2018
36.7214614;-4.577383464;22.11942863;Sat May 05 12:41:41 GMT+02:00 2018
36.72148719;-4.576897146;22.09752083;Sat May 05 12:41:39 GMT+02:00 2018
36.72148557;-4.576404989;22.01602554;Sat May 05 12:41:37 GMT+02:00 2018
36.72146591;-4.575904318;22.77023315;Sat May 05 12:41:35 GMT+02:00 2018
36.72142276;-4.57539194;23.53843307;Sat May 05 12:41:33 GMT+02:00 2018
36.72135939;-4.57487612;24.05644226;Sat May 05 12:41:31 GMT+02:00 2018
36.7212748;-4.574348118;24.42894936;Sat May 05 12:41:29 GMT+02:00 2018
36.72116528;-4.573822865;24.55010986;Sat May 05 12:41:27 GMT+02:00 2018
36.72102564;-4.573303724;24.84759712;Sat May 05 12:41:25 GMT+02:00 2018
36.72084781;-4.572796768;24.92372704;Sat May 05 12:41:23 GMT+02:00 2018
36.72065779;-4.572291052;24.81904984;Sat May 05 12:41:21 GMT+02:00 2018
36.72046825;-4.571792337;24.54853821;Sat May 05 12:41:19 GMT+02:00 2018
36.72028863;-4.571302476;24.09145164;Sat May 05 12:41:17 GMT+02:00 2018
36.72010964;-4.570813203;24.17573166;Sat May 05 12:41:15 GMT+02:00 2018
36.7199231;-4.570325425;23.89587402;Sat May 05 12:41:13 GMT+02:00 2018
36.7197322;-4.569845053;23.93722343;Sat May 05 12:41:11 GMT+02:00 2018
36.71955924;-4.569361261;23.53388786;Sat May 05 12:41:09 GMT+02:00 2018
36.71940919;-4.568869155;23.27088547;Sat May 05 12:41:07 GMT+02:00 2018
36.71927991;-4.568364525;23.41494942;Sat May 05 12:41:05 GMT+02:00 2018
36.71917579;-4.567848524;23.54907799;Sat May 05 12:41:03 GMT+02:00 2018
36.71908295;-4.567323204;23.29892731;Sat May 05 12:41:01 GMT+02:00 2018
36.71900935;-4.566807356;22.67952538;Sat May 05 12:40:59 GMT+02:00 2018
36.71894455;-4.566306555;22.27088547;Sat May 05 12:40:57 GMT+02:00 2018
36.71888842;-4.565809424;22.60335541;Sat May 05 12:40:55 GMT+02:00 2018
36.71882919;-4.565300545;23.30396461;Sat May 05 12:40:53 GMT+02:00 2018
36.71876785;-4.564785177;23.07839394;Sat May 05 12:40:51 GMT+02:00 2018
36.71871347;-4.564278292;22.66751862;Sat May 05 12:40:49 GMT+02:00 2018
36.71867037;-4.563779032;22.3627739;Sat May 05 12:40:47 GMT+02:00 2018
36.71861871;-4.563288194;22.14189339;Sat May 05 12:40:45 GMT+02:00 2018
36.71855969;-4.562815463;21.10412407;Sat May 05 12:40:43 GMT+02:00 2018
36.71847945;-4.562357509;20.58117294;Sat May 05 12:40:41 GMT+02:00 2018
36.71838654;-4.561917132;20.01987076;Sat May 05 12:40:39 GMT+02:00 2018
36.71829056;-4.561488723;19.80755615;Sat May 05 12:40:37 GMT+02:00 2018
36.71817131;-4.561064104;21.29489136;Sat May 05 12:40:35 GMT+02:00 2018
36.71804015;-4.560626813;20.89131546;Sat May 05 12:40:33 GMT+02:00 2018
36.71791972;-4.560196808;21.25684357;Sat May 05 12:40:31 GMT+02:00 2018
36.71775925;-4.559769606;21.82580566;Sat May 05 12:40:29 GMT+02:00 2018
36.71758095;-4.559333129;22.52850151;Sat May 05 12:40:27 GMT+02:00 2018
36.71738308;-4.558890053;22.86029243;Sat May 05 12:40:25 GMT+02:00 2018
36.71718301;-4.558450027;23.23907852;Sat May 05 12:40:23 GMT+02:00 2018
36.71697496;-4.557997101;23.43593788;Sat May 05 12:40:21 GMT+02:00 2018
36.716774;-4.557529094;24.4041748;Sat May 05 12:40:19 GMT+02:00 2018
36.71657921;-4.557030574;24.85926628;Sat May 05 12:40:17 GMT+02:00 2018
36.71638016;-4.556522286;24.93447876;Sat May 05 12:40:15 GMT+02:00 2018
36.71619298;-4.556012503;25.03304291;Sat May 05 12:40:13 GMT+02:00 2018
36.71603635;-4.555486612;25.8478756;Sat May 05 12:40:11 GMT+02:00 2018
36.71588761;-4.554942267;25.97351265;Sat May 05 12:40:09 GMT+02:00 2018
36.7157425;-4.554388825;26.152565;Sat May 05 12:40:07 GMT+02:00 2018
36.71560595;-4.553831005;26.17518616;Sat May 05 12:40:05 GMT+02:00 2018
36.71547035;-4.553274678;25.91008759;Sat May 05 12:40:03 GMT+02:00 2018
36.71532783;-4.552726119;25.88518143;Sat May 05 12:40:01 GMT+02:00 2018
36.71518693;-4.552173386;26.05644417;Sat May 05 12:39:59 GMT+02:00 2018
36.71504498;-4.551621139;25.96906662;Sat May 05 12:39:57 GMT+02:00 2018
36.7149092;-4.551067577;26.08945847;Sat May 05 12:39:55 GMT+02:00 2018
36.71477403;-4.550506003;26.14485741;Sat May 05 12:39:53 GMT+02:00 2018
36.71463862;-4.549943856;26.15471268;Sat May 05 12:39:51 GMT+02:00 2018
36.71450528;-4.549382105;25.92077065;Sat May 05 12:39:49 GMT+02:00 2018
36.71437593;-4.548828536;25.33667374;Sat May 05 12:39:47 GMT+02:00 2018
36.71424344;-4.548284096;25.20551109;Sat May 05 12:39:45 GMT+02:00 2018
36.71411022;-4.547743943;25.09735298;Sat May 05 12:39:43 GMT+02:00 2018
36.71397531;-4.547211386;24.56583023;Sat May 05 12:39:41 GMT+02:00 2018
36.71384108;-4.546691326;23.97929001;Sat May 05 12:39:39 GMT+02:00 2018
36.71371031;-4.546179699;23.70731354;Sat May 05 12:39:37 GMT+02:00 2018
36.71358184;-4.545667105;23.67481041;Sat May 05 12:39:35 GMT+02:00 2018
36.71345965;-4.545155025;23.60551834;Sat May 05 12:39:33 GMT+02:00 2018
36.71333149;-4.544648293;23.49078369;Sat May 05 12:39:31 GMT+02:00 2018
36.71319839;-4.54414831;23.46829033;Sat May 05 12:39:29 GMT+02:00 2018
36.71306656;-4.543646142;23.65916061;Sat May 05 12:39:27 GMT+02:00 2018
36.71293234;-4.543138249;23.90790749;Sat May 05 12:39:25 GMT+02:00 2018
36.71279883;-4.542628818;24.16859436;Sat May 05 12:39:23 GMT+02:00 2018
36.71266224;-4.542108415;24.64143181;Sat May 05 12:39:21 GMT+02:00 2018
36.71252863;-4.541578264;24.67452621;Sat May 05 12:39:19 GMT+02:00 2018
36.71239708;-4.541042396;24.90296555;Sat May 05 12:39:17 GMT+02:00 2018
36.71225879;-4.540506837;24.60923004;Sat May 05 12:39:15 GMT+02:00 2018
36.71211888;-4.539977762;24.72951126;Sat May 05 12:39:13 GMT+02:00 2018
36.71197734;-4.539450765;24.73982239;Sat May 05 12:39:11 GMT+02:00 2018
36.71183871;-4.538924178;24.3823185;Sat May 05 12:39:09 GMT+02:00 2018
36.71170821;-4.538404774;24.04663086;Sat May 05 12:39:07 GMT+02:00 2018
36.71157771;-4.537891929;24.09682083;Sat May 05 12:39:05 GMT+02:00 2018
36.71146072;-4.53737615;23.7309761;Sat May 05 12:39:03 GMT+02:00 2018
36.71135515;-4.53686496;23.4523983;Sat May 05 12:39:01 GMT+02:00 2018
36.71125414;-4.536358987;23.27993011;Sat May 05 12:38:59 GMT+02:00 2018
36.71116491;-4.535856563;22.87444878;Sat May 05 12:38:57 GMT+02:00 2018
36.71108489;-4.535357294;22.73248291;Sat May 05 12:38:55 GMT+02:00 2018
36.71101973;-4.534859742;22.39317703;Sat May 05 12:38:53 GMT+02:00 2018
36.71097106;-4.534368256;21.95789528;Sat May 05 12:38:51 GMT+02:00 2018
36.71093783;-4.533880013;21.93353462;Sat May 05 12:38:49 GMT+02:00 2018
36.71091789;-4.533394348;21.57894516;Sat May 05 12:38:47 GMT+02:00 2018
36.71091946;-4.532912506;21.2092247;Sat May 05 12:38:45 GMT+02:00 2018
36.71092304;-4.532436304;20.5875473;Sat May 05 12:38:43 GMT+02:00 2018
36.71091969;-4.531979432;20.35433388;Sat May 05 12:38:41 GMT+02:00 2018
36.71092964;-4.531524127;20.89969826;Sat May 05 12:38:39 GMT+02:00 2018
36.71095725;-4.531053421;21.1822567;Sat May 05 12:38:37 GMT+02:00 2018
36.7109957;-4.53058082;21.46828842;Sat May 05 12:38:35 GMT+02:00 2018
36.71104288;-4.530100605;21.8515377;Sat May 05 12:38:33 GMT+02:00 2018
36.71108691;-4.529618825;21.90216255;Sat May 05 12:38:31 GMT+02:00 2018
36.71113018;-4.529130123;22.86319351;Sat May 05 12:38:29 GMT+02:00 2018
36.71117747;-4.528622933;22.93991089;Sat May 05 12:38:27 GMT+02:00 2018
36.71121196;-4.528117851;22.24329567;Sat May 05 12:38:25 GMT+02:00 2018
36.71124962;-4.527624672;21.93729019;Sat May 05 12:38:23 GMT+02:00 2018
36.71128869;-4.527138723;21.46478844;Sat May 05 12:38:21 GMT+02:00 2018
36.71132515;-4.526656705;21.41869736;Sat May 05 12:38:19 GMT+02:00 2018
36.71136157;-4.526177761;21.38237572;Sat May 05 12:38:17 GMT+02:00 2018
36.71139947;-4.52569998;21.60341263;Sat May 05 12:38:16 GMT+02:00 2018
36.71144234;-4.525217159;22.04768753;Sat May 05 12:38:13 GMT+02:00 2018
36.7114954;-4.524721719;22.53180885;Sat May 05 12:38:11 GMT+02:00 2018
36.71154687;-4.524218978;22.47995377;Sat May 05 12:38:09 GMT+02:00 2018
36.71158738;-4.523713203;22.37232208;Sat May 05 12:38:07 GMT+02:00 2018
36.71161439;-4.523216409;21.79202843;Sat May 05 12:38:05 GMT+02:00 2018
36.71161338;-4.522733389;21.55119896;Sat May 05 12:38:03 GMT+02:00 2018
36.71156525;-4.522263376;21.20825005;Sat May 05 12:38:01 GMT+02:00 2018
36.71149529;-4.521786162;21.79064178;Sat May 05 12:37:59 GMT+02:00 2018
36.71140934;-4.52130138;22.49745369;Sat May 05 12:37:57 GMT+02:00 2018
36.71131772;-4.520805833;22.82609558;Sat May 05 12:37:55 GMT+02:00 2018
36.71122425;-4.520309278;22.65946198;Sat May 05 12:37:53 GMT+02:00 2018
36.7111351;-4.519817563;22.29848099;Sat May 05 12:37:51 GMT+02:00 2018
36.71104427;-4.519333139;22.17278099;Sat May 05 12:37:49 GMT+02:00 2018
36.71096953;-4.518848461;21.59789467;Sat May 05 12:37:47 GMT+02:00 2018
36.71092655;-4.518367646;22.2046032;Sat May 05 12:37:45 GMT+02:00 2018
36.71090328;-4.517872587;21.93782616;Sat May 05 12:37:43 GMT+02:00 2018
36.7109073;-4.51738139;21.88111496;Sat May 05 12:37:41 GMT+02:00 2018
36.71093225;-4.516895189;21.47559357;Sat May 05 12:37:39 GMT+02:00 2018
36.71097504;-4.516422511;20.83983421;Sat May 05 12:37:37 GMT+02:00 2018
36.71103578;-4.515964453;20.33608246;Sat May 05 12:37:35 GMT+02:00 2018
36.71111607;-4.515528695;19.66598129;Sat May 05 12:37:33 GMT+02:00 2018
36.7112098;-4.515109006;19.22559929;Sat May 05 12:37:31 GMT+02:00 2018
36.71129612;-4.514702256;18.6011219;Sat May 05 12:37:29 GMT+02:00 2018
36.71138332;-4.514296672;19.45806885;Sat May 05 12:37:27 GMT+02:00 2018
36.71147487;-4.513881256;19.13043785;Sat May 05 12:37:25 GMT+02:00 2018
36.71156394;-4.513471427;19.01653481;Sat May 05 12:37:23 GMT+02:00 2018
36.71165235;-4.513061291;19.21685791;Sat May 05 12:37:21 GMT+02:00 2018
36.71174318;-4.51264487;19.48631859;Sat May 05 12:37:19 GMT+02:00 2018
36.7118296;-4.512219767;20.10054779;Sat May 05 12:37:17 GMT+02:00 2018
36.71191999;-4.511778616;20.92438507;Sat May 05 12:37:15 GMT+02:00 2018
36.71202133;-4.511309732;22.53691864;Sat May 05 12:37:13 GMT+02:00 2018
36.7121339;-4.510807393;23.30040932;Sat May 05 12:37:11 GMT+02:00 2018
36.71224888;-4.510305261;23.1474781;Sat May 05 12:37:09 GMT+02:00 2018
36.71237503;-4.509796977;23.44903946;Sat May 05 12:37:07 GMT+02:00 2018
36.71249651;-4.50928269;23.57057762;Sat May 05 12:37:05 GMT+02:00 2018
36.71260973;-4.508778673;22.61366272;Sat May 05 12:37:03 GMT+02:00 2018
36.71272265;-4.508282796;22.62221527;Sat May 05 12:37:01 GMT+02:00 2018
36.71282982;-4.5077993;21.92250633;Sat May 05 12:36:59 GMT+02:00 2018
36.71293139;-4.507324492;22.09274483;Sat May 05 12:36:57 GMT+02:00 2018
36.71302138;-4.506831666;22.70068359;Sat May 05 12:36:55 GMT+02:00 2018
36.7131067;-4.506326748;23.14183998;Sat May 05 12:36:53 GMT+02:00 2018
36.71319021;-4.505817912;22.7213192;Sat May 05 12:36:51 GMT+02:00 2018
36.71325639;-4.50531309;23.05649948;Sat May 05 12:36:49 GMT+02:00 2018
36.71330912;-4.504793469;23.8231411;Sat May 05 12:36:47 GMT+02:00 2018
36.71334682;-4.504242224;25.22795486;Sat May 05 12:36:45 GMT+02:00 2018
36.7133762;-4.503668642;25.49866104;Sat May 05 12:36:43 GMT+02:00 2018
36.71340492;-4.503093877;25.44126892;Sat May 05 12:36:41 GMT+02:00 2018
36.71343417;-4.502525334;25.09945297;Sat May 05 12:36:39 GMT+02:00 2018
36.71346674;-4.501961867;25.02841759;Sat May 05 12:36:37 GMT+02:00 2018
36.71350223;-4.501398083;25.04174232;Sat May 05 12:36:35 GMT+02:00 2018
36.71353944;-4.500840529;24.7550869;Sat May 05 12:36:33 GMT+02:00 2018
36.71357684;-4.500288713;24.83893204;Sat May 05 12:36:31 GMT+02:00 2018
36.71361844;-4.499735735;24.99781418;Sat May 05 12:36:29 GMT+02:00 2018
36.71366033;-4.499183427;24.96248817;Sat May 05 12:36:27 GMT+02:00 2018
36.71369665;-4.498632844;24.81265831;Sat May 05 12:36:25 GMT+02:00 2018
36.71373803;-4.498085615;25.08307457;Sat May 05 12:36:23 GMT+02:00 2018
36.71378973;-4.497538365;25.14355469;Sat May 05 12:36:21 GMT+02:00 2018
36.7138294;-4.496983759;24.81306458;Sat May 05 12:36:19 GMT+02:00 2018
36.71386509;-4.496430401;24.66709709;Sat May 05 12:36:17 GMT+02:00 2018
36.71390357;-4.495878769;24.51002884;Sat May 05 12:36:15 GMT+02:00 2018
36.71393584;-4.495333212;24.01913643;Sat May 05 12:36:13 GMT+02:00 2018
36.71396817;-4.494799645;23.2949791;Sat May 05 12:36:11 GMT+02:00 2018
36.71400266;-4.494279456;23.29244423;Sat May 05 12:36:09 GMT+02:00 2018
36.71403414;-4.493761594;23.18441963;Sat May 05 12:36:07 GMT+02:00 2018
36.71405686;-4.493252095;22.59656906;Sat May 05 12:36:05 GMT+02:00 2018
36.71407525;-4.492752626;22.34095764;Sat May 05 12:36:03 GMT+02:00 2018
36.71409573;-4.492264368;22.04117775;Sat May 05 12:36:01 GMT+02:00 2018
36.71411433;-4.491774668;21.59378624;Sat May 05 12:35:59 GMT+02:00 2018
36.7141233;-4.491293588;21.22742081;Sat May 05 12:35:57 GMT+02:00 2018
36.71412833;-4.490814261;21.33808517;Sat May 05 12:35:55 GMT+02:00 2018
36.71413245;-4.490325375;21.7067318;Sat May 05 12:35:53 GMT+02:00 2018
36.71413424;-4.489829107;21.69820786;Sat May 05 12:35:51 GMT+02:00 2018
36.71413645;-4.489340283;21.26320267;Sat May 05 12:35:49 GMT+02:00 2018
36.71413645;-4.488863145;20.77235413;Sat May 05 12:35:47 GMT+02:00 2018
36.71413737;-4.488399662;19.97251892;Sat May 05 12:35:45 GMT+02:00 2018
36.71414048;-4.487965747;18.90814972;Sat May 05 12:35:43 GMT+02:00 2018
36.71414713;-4.487550599;18.14341545;Sat May 05 12:35:41 GMT+02:00 2018
36.71415599;-4.487140586;18.0788517;Sat May 05 12:35:39 GMT+02:00 2018
36.71417078;-4.486730385;18.25188637;Sat May 05 12:35:37 GMT+02:00 2018
36.71418415;-4.486312377;18.04686356;Sat May 05 12:35:35 GMT+02:00 2018
36.7141962;-4.485913114;18.09856224;Sat May 05 12:35:33 GMT+02:00 2018
36.71420815;-4.485486986;18.66024399;Sat May 05 12:35:31 GMT+02:00 2018
36.71422129;-4.485047948;19.76504707;Sat May 05 12:35:29 GMT+02:00 2018
36.71424093;-4.484627321;19.4810791;Sat May 05 12:35:27 GMT+02:00 2018
36.7141986;-4.48419858;19.87998009;Sat May 05 12:35:25 GMT+02:00 2018
36.71415383;-4.483784296;20.6155262;Sat May 05 12:35:23 GMT+02:00 2018
36.71412629;-4.483350855;21.25152016;Sat May 05 12:35:21 GMT+02:00 2018
36.71412094;-4.482877395;21.38726807;Sat May 05 12:35:19 GMT+02:00 2018
36.71411537;-4.482399571;21.09861565;Sat May 05 12:35:17 GMT+02:00 2018
36.71411226;-4.48192768;21.1638546;Sat May 05 12:35:15 GMT+02:00 2018
36.71411242;-4.481457029;20.76599121;Sat May 05 12:35:13 GMT+02:00 2018
36.71411269;-4.480991764;20.53369141;Sat May 05 12:35:11 GMT+02:00 2018
36.71411319;-4.480532653;20.68722916;Sat May 05 12:35:09 GMT+02:00 2018
36.71411763;-4.480075341;20.286726;Sat May 05 12:35:07 GMT+02:00 2018
36.71411715;-4.479621915;20.44442558;Sat May 05 12:35:05 GMT+02:00 2018
36.71410737;-4.479165216;20.5108223;Sat May 05 12:35:03 GMT+02:00 2018
36.71408362;-4.478707694;20.1536541;Sat May 05 12:35:01 GMT+02:00 2018
36.71406095;-4.478254669;20.26203156;Sat May 05 12:34:59 GMT+02:00 2018
36.71403235;-4.477803362;20.04520607;Sat May 05 12:34:57 GMT+02:00 2018
36.7140004;-4.477356301;20.21019745;Sat May 05 12:34:55 GMT+02:00 2018
36.71396258;-4.476907275;20.51449585;Sat May 05 12:34:53 GMT+02:00 2018
36.71391686;-4.476446262;20.92370033;Sat May 05 12:34:51 GMT+02:00 2018
36.71386685;-4.475981535;20.81504059;Sat May 05 12:34:49 GMT+02:00 2018
36.71382374;-4.475521728;20.73561668;Sat May 05 12:34:47 GMT+02:00 2018
36.71378105;-4.475062546;20.64954567;Sat May 05 12:34:45 GMT+02:00 2018
36.71373441;-4.47460736;20.27622795;Sat May 05 12:34:43 GMT+02:00 2018
36.71368678;-4.474158487;20.06313324;Sat May 05 12:34:41 GMT+02:00 2018
36.71363888;-4.473708576;20.54629326;Sat May 05 12:34:39 GMT+02:00 2018
36.71359277;-4.473246628;21.02614403;Sat May 05 12:34:37 GMT+02:00 2018
36.71354912;-4.472779584;21.10735512;Sat May 05 12:34:35 GMT+02:00 2018
36.71350948;-4.472310724;21.06438828;Sat May 05 12:34:33 GMT+02:00 2018
36.71347656;-4.471841811;20.97713089;Sat May 05 12:34:31 GMT+02:00 2018
36.71343626;-4.47137566;20.75192451;Sat May 05 12:34:29 GMT+02:00 2018
36.71339311;-4.47091586;20.49196625;Sat May 05 12:34:27 GMT+02:00 2018
36.71334895;-4.470461893;20.2213974;Sat May 05 12:34:25 GMT+02:00 2018
36.71329837;-4.470017741;19.75710106;Sat May 05 12:34:23 GMT+02:00 2018
36.71324701;-4.469582507;19.65747643;Sat May 05 12:34:21 GMT+02:00 2018
36.71320134;-4.469141467;20.47491455;Sat May 05 12:34:19 GMT+02:00 2018
36.71315714;-4.468690581;20.48729897;Sat May 05 12:34:17 GMT+02:00 2018
36.71311611;-4.468239724;20.28525352;Sat May 05 12:34:15 GMT+02:00 2018
36.71307464;-4.467793929;20.14563751;Sat May 05 12:34:13 GMT+02:00 2018
36.71303128;-4.467349841;20.15019417;Sat May 05 12:34:11 GMT+02:00 2018
36.71299058;-4.466903707;20.3887043;Sat May 05 12:34:09 GMT+02:00 2018
36.71294959;-4.466453334;20.24587059;Sat May 05 12:34:07 GMT+02:00 2018
36.71290981;-4.46600257;20.24067497;Sat May 05 12:34:05 GMT+02:00 2018
36.71287564;-4.465555179;20.07448196;Sat May 05 12:34:03 GMT+02:00 2018
36.71284115;-4.465108269;20.20056725;Sat May 05 12:34:01 GMT+02:00 2018
36.71280518;-4.46466037;20.08059502;Sat May 05 12:33:59 GMT+02:00 2018
36.71276994;-4.464216031;19.79012871;Sat May 05 12:33:57 GMT+02:00 2018
36.71273376;-4.463772875;19.67595482;Sat May 05 12:33:55 GMT+02:00 2018
36.71269716;-4.463336141;19.45882034;Sat May 05 12:33:53 GMT+02:00 2018
36.71265803;-4.4628982;19.48838043;Sat May 05 12:33:51 GMT+02:00 2018
36.71262277;-4.462465389;19.10822296;Sat May 05 12:33:49 GMT+02:00 2018
36.71259622;-4.46204209;18.72877693;Sat May 05 12:33:47 GMT+02:00 2018
36.71258173;-4.461625675;18.31349945;Sat May 05 12:33:45 GMT+02:00 2018
36.71259169;-4.46121927;17.76417542;Sat May 05 12:33:43 GMT+02:00 2018
36.71262761;-4.460828475;17.53072548;Sat May 05 12:33:41 GMT+02:00 2018
36.71268104;-4.460447721;17.11155891;Sat May 05 12:33:39 GMT+02:00 2018
36.71274325;-4.460088221;15.97203255;Sat May 05 12:33:37 GMT+02:00 2018
36.71280916;-4.459734116;16.5039444;Sat May 05 12:33:35 GMT+02:00 2018
36.71287251;-4.459376641;16.13546753;Sat May 05 12:33:33 GMT+02:00 2018
36.71293991;-4.459027548;15.88445187;Sat May 05 12:33:31 GMT+02:00 2018
36.71299984;-4.458679889;15.65635014;Sat May 05 12:33:29 GMT+02:00 2018
36.71306155;-4.458343827;15.22528934;Sat May 05 12:33:27 GMT+02:00 2018
36.71315131;-4.457858407;14.17280388;Sat May 05 12:33:24 GMT+02:00 2018
36.71322277;-4.457401822;13.54036045;Sat May 05 12:33:21 GMT+02:00 2018
36.71336167;-4.456994524;13.66963482;Sat May 05 12:33:18 GMT+02:00 2018
36.71361774;-4.456678429;12.55313873;Sat May 05 12:33:15 GMT+02:00 2018
36.71395431;-4.456613649;11.62987614;Sat May 05 12:33:12 GMT+02:00 2018
36.71423864;-4.456816252;11.43239021;Sat May 05 12:33:09 GMT+02:00 2018
36.71433944;-4.457176719;11.13996315;Sat May 05 12:33:06 GMT+02:00 2018
36.71418698;-4.457584258;10.01822567;Sat May 05 12:33:02 GMT+02:00 2018
36.71393208;-4.457716372;11.31688976;Sat May 05 12:32:59 GMT+02:00 2018
36.71360649;-4.457721016;13.53543091;Sat May 05 12:32:56 GMT+02:00 2018
36.71321738;-4.457711834;14.52856064;Sat May 05 12:32:53 GMT+02:00 2018
36.71294292;-4.457715527;16.9923954;Sat May 05 12:32:51 GMT+02:00 2018
36.7126215;-4.45770837;18.80440521;Sat May 05 12:32:49 GMT+02:00 2018
36.71227974;-4.457674933;19.67558289;Sat May 05 12:32:47 GMT+02:00 2018
36.71192824;-4.457616474;19.17673874;Sat May 05 12:32:45 GMT+02:00 2018
36.71158048;-4.457576552;19.80222702;Sat May 05 12:32:43 GMT+02:00 2018
36.71122718;-4.457567412;19.99158478;Sat May 05 12:32:41 GMT+02:00 2018
36.7108726;-4.457579127;19.95680809;Sat May 05 12:32:39 GMT+02:00 2018
36.71051455;-4.457586379;19.96463013;Sat May 05 12:32:37 GMT+02:00 2018
36.71015363;-4.45757358;20.8091011;Sat May 05 12:32:35 GMT+02:00 2018
36.70978429;-4.45756935;19.85749245;Sat May 05 12:32:33 GMT+02:00 2018
36.70941994;-4.457541596;20.3928318;Sat May 05 12:32:31 GMT+02:00 2018
36.70904966;-4.457516832;20.4566288;Sat May 05 12:32:29 GMT+02:00 2018
36.70867429;-4.457518163;20.79602242;Sat May 05 12:32:27 GMT+02:00 2018
36.70830486;-4.457523123;20.07096672;Sat May 05 12:32:25 GMT+02:00 2018
36.70793192;-4.457514282;20.44320869;Sat May 05 12:32:23 GMT+02:00 2018
36.70755488;-4.457516964;20.3859005;Sat May 05 12:32:21 GMT+02:00 2018
36.70718056;-4.457522962;20.40835571;Sat May 05 12:32:19 GMT+02:00 2018
36.7068048;-4.45752436;21.26894379;Sat May 05 12:32:17 GMT+02:00 2018
36.70641672;-4.457516955;21.30914307;Sat May 05 12:32:15 GMT+02:00 2018
36.70603679;-4.457510838;20.80304718;Sat May 05 12:32:13 GMT+02:00 2018
36.70566532;-4.457513055;20.12147713;Sat May 05 12:32:11 GMT+02:00 2018
36.70530264;-4.457513618;20.31848717;Sat May 05 12:32:09 GMT+02:00 2018
36.70492715;-4.457512417;20.61316299;Sat May 05 12:32:07 GMT+02:00 2018
36.70455235;-4.457512909;20.44891167;Sat May 05 12:32:05 GMT+02:00 2018
36.70418339;-4.457518754;19.73477364;Sat May 05 12:32:03 GMT+02:00 2018
36.7038283;-4.457531837;19.77361488;Sat May 05 12:32:01 GMT+02:00 2018
36.70347729;-4.457554297;19.84407425;Sat May 05 12:31:59 GMT+02:00 2018
36.70312199;-4.457582368;19.76488495;Sat May 05 12:31:57 GMT+02:00 2018
36.70276329;-4.457605281;19.93574142;Sat May 05 12:31:55 GMT+02:00 2018
36.7024031;-4.457624482;19.92686272;Sat May 05 12:31:53 GMT+02:00 2018
36.70204598;-4.457648759;19.45310974;Sat May 05 12:31:51 GMT+02:00 2018
36.70169734;-4.457685478;19.31551933;Sat May 05 12:31:49 GMT+02:00 2018
36.70135396;-4.457726738;18.93442154;Sat May 05 12:31:47 GMT+02:00 2018
36.70102478;-4.457769095;17.87440491;Sat May 05 12:31:45 GMT+02:00 2018
36.70070527;-4.457811519;17.75146103;Sat May 05 12:31:43 GMT+02:00 2018
36.70039127;-4.457856296;17.56980705;Sat May 05 12:31:41 GMT+02:00 2018
36.70008164;-4.457906734;17.24628067;Sat May 05 12:31:39 GMT+02:00 2018
36.69977533;-4.457965234;17.01406479;Sat May 05 12:31:37 GMT+02:00 2018
36.69947218;-4.458028111;17.08588219;Sat May 05 12:31:35 GMT+02:00 2018
36.69917115;-4.45809952;16.84883499;Sat May 05 12:31:33 GMT+02:00 2018
36.69887374;-4.458176963;17.42512321;Sat May 05 12:31:31 GMT+02:00 2018
36.69856951;-4.458266394;17.48772621;Sat May 05 12:31:29 GMT+02:00 2018
36.69826614;-4.45836174;17.62986946;Sat May 05 12:31:27 GMT+02:00 2018
36.69796144;-4.458460128;18.06433487;Sat May 05 12:31:25 GMT+02:00 2018
36.69764203;-4.458566622;18.76397705;Sat May 05 12:31:23 GMT+02:00 2018
36.69731138;-4.458682944;19.06415176;Sat May 05 12:31:21 GMT+02:00 2018
36.69698036;-4.458811356;19.00174904;Sat May 05 12:31:19 GMT+02:00 2018
36.69664206;-4.458942638;19.46282768;Sat May 05 12:31:17 GMT+02:00 2018
36.69629877;-4.459076951;19.26321602;Sat May 05 12:31:15 GMT+02:00 2018
36.6959691;-4.45921401;18.98976326;Sat May 05 12:31:13 GMT+02:00 2018
36.69564809;-4.459356097;18.64560509;Sat May 05 12:31:11 GMT+02:00 2018
36.6953357;-4.459495749;18.08774757;Sat May 05 12:31:09 GMT+02:00 2018
36.69502957;-4.459639448;17.73822975;Sat May 05 12:31:07 GMT+02:00 2018
36.69472892;-4.459779768;17.81874847;Sat May 05 12:31:05 GMT+02:00 2018
36.69441991;-4.45991968;18.77470589;Sat May 05 12:31:03 GMT+02:00 2018
36.69410964;-4.460063741;18.69582939;Sat May 05 12:31:01 GMT+02:00 2018
36.69379759;-4.460206982;18.20608711;Sat May 05 12:30:59 GMT+02:00 2018
36.69348701;-4.46034497;18.19316483;Sat May 05 12:30:57 GMT+02:00 2018
36.69317768;-4.46048269;18.15142059;Sat May 05 12:30:55 GMT+02:00 2018
36.69287621;-4.460624583;17.46965027;Sat May 05 12:30:53 GMT+02:00 2018
36.69258251;-4.460762154;17.07518387;Sat May 05 12:30:51 GMT+02:00 2018
36.69228876;-4.460886429;16.85588074;Sat May 05 12:30:49 GMT+02:00 2018
36.69200418;-4.46100768;16.24787331;Sat May 05 12:30:47 GMT+02:00 2018
36.69172583;-4.461121521;16.11282158;Sat May 05 12:30:45 GMT+02:00 2018
36.6914507;-4.461225078;16.01351929;Sat May 05 12:30:43 GMT+02:00 2018
36.69118005;-4.461319365;15.18033218;Sat May 05 12:30:41 GMT+02:00 2018
36.6909135;-4.461402866;15.6426487;Sat May 05 12:30:39 GMT+02:00 2018
36.69063965;-4.461470501;15.45351791;Sat May 05 12:30:37 GMT+02:00 2018
36.69036755;-4.461524072;15.28944683;Sat May 05 12:30:35 GMT+02:00 2018
36.6899715;-4.461597212;14.3597374;Sat May 05 12:30:32 GMT+02:00 2018
36.68959841;-4.461644229;13.62924671;Sat May 05 12:30:29 GMT+02:00 2018
36.68923542;-4.461659135;13.3584156;Sat May 05 12:30:26 GMT+02:00 2018
36.68888042;-4.461687645;13.19434452;Sat May 05 12:30:23 GMT+02:00 2018
36.68853944;-4.461672327;12.36056709;Sat May 05 12:30:20 GMT+02:00 2018
36.68826446;-4.461451539;11.40596581;Sat May 05 12:30:17 GMT+02:00 2018
36.6881486;-4.461106825;10.73846531;Sat May 05 12:30:14 GMT+02:00 2018
36.68820837;-4.460773329;11.08269978;Sat May 05 12:30:11 GMT+02:00 2018
36.68841976;-4.4604578;13.14694309;Sat May 05 12:30:08 GMT+02:00 2018
36.68865151;-4.460123391;13.66247177;Sat May 05 12:30:05 GMT+02:00 2018
36.68889719;-4.459773689;13.58859348;Sat May 05 12:30:02 GMT+02:00 2018
36.68913606;-4.459439602;12.78106213;Sat May 05 12:29:59 GMT+02:00 2018
36.68936766;-4.459122807;12.6786499;Sat May 05 12:29:56 GMT+02:00 2018
36.68959221;-4.458842086;11.57869625;Sat May 05 12:29:53 GMT+02:00 2018
36.68981788;-4.45857416;11.64914799;Sat May 05 12:29:50 GMT+02:00 2018
36.69005543;-4.458299905;10.70638847;Sat May 05 12:29:47 GMT+02:00 2018
36.69025629;-4.458047073;10.61947727;Sat May 05 12:29:44 GMT+02:00 2018
36.69046288;-4.457802883;9.871462822;Sat May 05 12:29:41 GMT+02:00 2018
36.69070732;-4.457500928;8.765117645;Sat May 05 12:29:37 GMT+02:00 2018
36.69093709;-4.457186136;6.031534195;Sat May 05 12:29:32 GMT+02:00 2018
36.69099982;-4.456801056;6.128886223;Sat May 05 12:29:04 GMT+02:00 2018
36.69069081;-4.456751346;5.927619457;Sat May 05 12:28:58 GMT+02:00 2018
36.69046295;-4.456536253;6.550335884;Sat May 05 12:28:53 GMT+02:00 2018
36.6902363;-4.456299457;4.40647316;Sat May 05 12:28:48 GMT+02:00 2018
36.68998883;-4.4560627;5.259649754;Sat May 05 12:28:38 GMT+02:00 2018
36.68977971;-4.455812386;6.727598667;Sat May 05 12:28:33 GMT+02:00 2018
36.68955461;-4.45554435;5.936451912;Sat May 05 12:28:28 GMT+02:00 2018
36.689495;-4.455190413;3.068148375;Sat May 05 12:28:20 GMT+02:00 2018
36.68964703;-4.454895233;5.738963127;Sat May 05 12:27:49 GMT+02:00 2018
36.68986983;-4.454684563;6.651278019;Sat May 05 12:27:44 GMT+02:00 2018
36.69011746;-4.454482273;3.749078751;Sat May 05 12:27:39 GMT+02:00 2018
36.69037947;-4.454347829;6.820059776;Sat May 05 12:27:32 GMT+02:00 2018
36.69065403;-4.454174702;6.669894218;Sat May 05 12:27:27 GMT+02:00 2018
36.69085374;-4.453911805;5.891075134;Sat May 05 12:27:22 GMT+02:00 2018
36.69110543;-4.453694687;2.772801638;Sat May 05 12:27:15 GMT+02:00 2018
36.69133323;-4.453893824;3.302243948;Sat May 05 12:27:05 GMT+02:00 2018
36.69158701;-4.454117584;1.19825387;Sat May 05 12:26:45 GMT+02:00 2018
36.69183184;-4.453965934;4.316099167;Sat May 05 12:26:25 GMT+02:00 2018
36.69212861;-4.453854929;0.796706259;Sat May 05 12:16:39 GMT+02:00 2018
36.69200231;-4.453551034;2.962595224;Sat May 05 12:13:13 GMT+02:00 2018
36.69181679;-4.453830608;4.498692989;Sat May 05 12:13:06 GMT+02:00 2018
36.69155856;-4.454059964;2.813114405;Sat May 05 12:12:57 GMT+02:00 2018
36.69135212;-4.453822557;6.649211407;Sat May 05 12:12:51 GMT+02:00 2018
36.69119655;-4.45346787;6.586904526;Sat May 05 12:12:46 GMT+02:00 2018
36.69100231;-4.453143868;5.622141838;Sat May 05 12:12:41 GMT+02:00 2018
36.69077177;-4.452880691;5.929728508;Sat May 05 12:12:34 GMT+02:00 2018
36.69056996;-4.452596457;4.467097282;Sat May 05 12:12:28 GMT+02:00 2018
36.69040014;-4.452307648;8.383454323;Sat May 05 12:12:14 GMT+02:00 2018
36.6901998;-4.451994543;8.825364113;Sat May 05 12:12:10 GMT+02:00 2018
36.69002546;-4.451728063;8.811396599;Sat May 05 12:12:07 GMT+02:00 2018
36.68982745;-4.451405128;7.952280045;Sat May 05 12:12:03 GMT+02:00 2018
36.68963258;-4.451099556;5.782025814;Sat May 05 12:11:59 GMT+02:00 2018
36.68943726;-4.450820639;0.695132136;Sat May 05 12:11:39 GMT+02:00 2018
36.68927356;-4.450542233;5.760531902;Sat May 05 12:11:00 GMT+02:00 2018
36.68912431;-4.450231526;9.335526466;Sat May 05 12:10:56 GMT+02:00 2018
36.68898522;-4.44994154;8.498319626;Sat May 05 12:10:53 GMT+02:00 2018
36.68887383;-4.449594529;7.86174202;Sat May 05 12:10:49 GMT+02:00 2018
36.68877182;-4.449252983;8.126908302;Sat May 05 12:10:45 GMT+02:00 2018
36.68865744;-4.448878177;8.649514198;Sat May 05 12:10:41 GMT+02:00 2018
36.68853246;-4.448568164;5.522304058;Sat May 05 12:10:38 GMT+02:00 2018
36.68843177;-4.448248136;5.609437943;Sat May 05 12:10:21 GMT+02:00 2018
36.68815611;-4.448331517;10.16704369;Sat May 05 12:10:17 GMT+02:00 2018
36.68786325;-4.448448976;8.122175217;Sat May 05 12:10:14 GMT+02:00 2018
36.68759355;-4.448701281;4.952937126;Sat May 05 12:09:18 GMT+02:00 2018
36.68731646;-4.44880782;4.702019215;Sat May 05 12:09:13 GMT+02:00 2018
36.68710251;-4.449042559;1.988002539;Sat May 05 12:08:51 GMT+02:00 2018
36.68629053;-4.447573209;4.527292728;Sat May 05 12:08:43 GMT+02:00 2018
36.68606433;-4.447263972;5.709784985;Sat May 05 12:08:42 GMT+02:00 2018
36.68538555;-4.446264827;5.408100128;Sat May 05 12:08:40 GMT+02:00 2018
36.68518289;-4.445981598;4.593719482;Sat May 05 12:08:38 GMT+02:00 2018
