latitude;longitude;speed;date;;;;;;;;;
36.69814718;-4.450696815;1.401992917;Thu May 03 19:11:33 GMT+02:00 2018;;;;;;;;;
36.69842093;-4.450494616;2.655478477;Thu May 03 19:11:30 GMT+02:00 2018;;;;latitude;longitude;;;;
36.69807972;-4.450910841;2.191462278;Thu May 03 19:06:05 GMT+02:00 2018;;;;36.69846322;-4.450395977;;;;
36.69829469;-4.450687722;1.44117105;Thu May 03 19:05:57 GMT+02:00 2018;;;;;;;;;
36.69847753;-4.450412899;0.77453965;Thu May 03 19:02:40 GMT+02:00 2018;;;;;;;;;
36.6982079;-4.450525576;1.630065441;Thu May 03 19:02:37 GMT+02:00 2018;;;;;;;;;
36.69855209;-4.450181566;1.146269321;Thu May 03 19:02:31 GMT+02:00 2018;;;;;;;;;
36.69817742;-4.450552423;1.162733555;Thu May 03 19:01:14 GMT+02:00 2018;;;;;;;;;
36.69882821;-4.450094795;1.841304183;Thu May 03 19:01:04 GMT+02:00 2018;;;;latitude;longitude;;;;
36.69918039;-4.449647293;2.239842176;Thu May 03 19:01:02 GMT+02:00 2018;;;;36.6985;-4.4504;;;;
36.69892053;-4.44989663;3.867821693;Thu May 03 19:00:57 GMT+02:00 2018;;;;;;;;;
36.69827205;-4.450650542;1.271037936;Thu May 03 18:45:32 GMT+02:00 2018;;;;;;;;;
36.71863413;-4.432385144;52.92954254;Thu May 03 14:01:15 GMT+02:00 2018;;;;fin trabajo;;;;;
36.71858137;-4.433032236;7.483236313;Thu May 03 14:01:12 GMT+02:00 2018;;;;;;;;;
36.71858842;-4.43229777;1.48928237;Thu May 03 14:01:10 GMT+02:00 2018;;;;;;;;;
36.71821774;-4.431986443;0.430788219;Thu May 03 13:59:05 GMT+02:00 2018;;;;;;;latitude;longitude;speed
36.71845366;-4.432155421;0.759668171;Thu May 03 12:09:04 GMT+02:00 2018;;;;;;;36.71863413;-4.432385144;52.92954254
36.71817861;-4.431832536;1.863741994;Thu May 03 12:02:54 GMT+02:00 2018;;;;;;;36.71858137;-4.433032236;7.483236313
36.71885527;-4.43225212;4.871635914;Thu May 03 12:02:52 GMT+02:00 2018;;;;;;;36.71858842;-4.43229777;1.48928237
36.71831925;-4.431818767;0.25938493;Thu May 03 11:57:03 GMT+02:00 2018;;;;;;;36.71821774;-4.431986443;0.430788219
36.71858316;-4.432036011;1.174482107;Thu May 03 11:57:02 GMT+02:00 2018;;;;;;;36.71845366;-4.432155421;0.759668171
36.71835134;-4.431615066;0.281667978;Thu May 03 11:57:01 GMT+02:00 2018;;;;;;;36.71817861;-4.431832536;1.863741994
36.71837417;-4.432066298;0.15919134;Thu May 03 11:51:48 GMT+02:00 2018;;;;;;;36.71885527;-4.43225212;4.871635914
36.71807753;-4.431921385;2.941614628;Thu May 03 11:51:44 GMT+02:00 2018;;;;;;;36.71831925;-4.431818767;0.25938493
36.71845321;-4.43213568;0.830866635;Thu May 03 11:29:46 GMT+02:00 2018;;;;;;;36.71858316;-4.432036011;1.174482107
36.71872449;-4.432259205;11.53003025;Thu May 03 11:26:46 GMT+02:00 2018;;;;;;;36.71835134;-4.431615066;0.281667978
36.71904443;-4.432305943;0.33087498;Thu May 03 11:26:16 GMT+02:00 2018;;;;;;;36.71837417;-4.432066298;0.15919134
36.71835085;-4.43220565;0.554287493;Thu May 03 11:17:51 GMT+02:00 2018;;;;;;;36.71807753;-4.431921385;2.941614628
36.7180716;-4.432118206;0.770796716;Thu May 03 11:13:25 GMT+02:00 2018;;;;;;;36.71845321;-4.43213568;0.830866635
36.71850844;-4.431986578;1.274368286;Thu May 03 11:13:24 GMT+02:00 2018;;;;;;;36.71872449;-4.432259205;11.53003025
36.71785838;-4.432211755;0.964178324;Thu May 03 11:13:23 GMT+02:00 2018;;;;;;;36.71904443;-4.432305943;0.33087498
36.71849612;-4.432018592;0.171996281;Thu May 03 10:53:59 GMT+02:00 2018;;;;;;;36.71835085;-4.43220565;0.554287493
36.7187369;-4.431795058;0.424153239;Thu May 03 10:53:57 GMT+02:00 2018;;;;;;;36.7180716;-4.432118206;0.770796716
36.71840195;-4.432169591;0.216989189;Thu May 03 10:48:43 GMT+02:00 2018;;;;;;;36.71850844;-4.431986578;1.274368286
36.71855402;-4.431854285;1.304514408;Thu May 03 10:48:41 GMT+02:00 2018;;;;;;;36.71785838;-4.432211755;0.964178324
36.71826792;-4.432043922;1.056955934;Thu May 03 09:56:46 GMT+02:00 2018;;;;empieza;;;36.71849612;-4.432018592;0.171996281
36.71853672;-4.431954222;0.244200856;Thu May 03 09:55:41 GMT+02:00 2018;;;;;;;36.7187369;-4.431795058;0.424153239
36.71861662;-4.432310922;0.485814095;Thu May 03 09:55:36 GMT+02:00 2018;;;;;;;36.71840195;-4.432169591;0.216989189
36.71821526;-4.431523838;3.505502701;Thu May 03 09:53:49 GMT+02:00 2018;;;;;;;36.71855402;-4.431854285;1.304514408
36.71816275;-4.431179359;3.110861063;Thu May 03 09:53:41 GMT+02:00 2018;;;;;;;36.71826792;-4.432043922;1.056955934
36.71806952;-4.43083894;0.706530571;Thu May 03 09:53:32 GMT+02:00 2018;;;;;;;;;
36.71780817;-4.430750197;2.890343189;Thu May 03 09:53:17 GMT+02:00 2018;;;;;;;;;
36.71764206;-4.430478075;1.947761655;Thu May 03 09:53:07 GMT+02:00 2018;;;;;;;;;
36.71739203;-4.430274364;2.183521986;Thu May 03 09:52:56 GMT+02:00 2018;;;;;;;;;
36.7171366;-4.430416028;5.142404556;Thu May 03 09:52:40 GMT+02:00 2018;;;;;;;;;
36.71683489;-4.430281803;3.331069231;Thu May 03 09:52:35 GMT+02:00 2018;;;;;;;;;
36.71654894;-4.430185701;0.880400002;Thu May 03 09:52:30 GMT+02:00 2018;;;;;;;;;
36.71631593;-4.430361827;3.345000267;Thu May 03 09:51:57 GMT+02:00 2018;;;;;;;;;
36.71604963;-4.430501481;1.759078026;Thu May 03 09:51:43 GMT+02:00 2018;;;;;;;;;
36.71612373;-4.430831748;3.53159523;Thu May 03 09:51:31 GMT+02:00 2018;;;;;;;;;
36.71614036;-4.431190658;0.523474515;Thu May 03 09:50:49 GMT+02:00 2018;;;;;;;;;
36.71585701;-4.431256099;4.203930378;Thu May 03 09:50:35 GMT+02:00 2018;;;;;;;;;
36.71556456;-4.431336927;3.471060753;Thu May 03 09:50:28 GMT+02:00 2018;;;;;;;;;
36.71525599;-4.43142057;3.441864967;Thu May 03 09:50:17 GMT+02:00 2018;;;;;;;;;
36.71498604;-4.431446917;3.603164434;Thu May 03 09:50:11 GMT+02:00 2018;;;;;;;;;
36.71478627;-4.431679826;3.395013809;Thu May 03 09:50:03 GMT+02:00 2018;;;;;;;;;
36.71451848;-4.431866316;1.977495551;Thu May 03 09:49:53 GMT+02:00 2018;;;;;;;;;
36.71427915;-4.431701517;3.587615252;Thu May 03 09:49:41 GMT+02:00 2018;;;;;;;;;
36.71397089;-4.431695905;2.431535006;Thu May 03 09:49:35 GMT+02:00 2018;;;;;;;;;
36.71371862;-4.43183284;4.188393116;Thu May 03 09:49:25 GMT+02:00 2018;;;;;;;;;
36.71349701;-4.431594208;4.214785576;Thu May 03 09:49:17 GMT+02:00 2018;;;;;;;;;
36.71331073;-4.431309206;4.644762993;Thu May 03 09:49:10 GMT+02:00 2018;;;;;;;;;
36.71309953;-4.431090269;2.308325291;Thu May 03 09:49:02 GMT+02:00 2018;;;;;;;;;
36.7129206;-4.431348669;4.523490906;Thu May 03 09:48:54 GMT+02:00 2018;;;;;;;;;
36.7126188;-4.431360653;5.511096478;Thu May 03 09:48:47 GMT+02:00 2018;;;;;;;;;
36.71232252;-4.4312202;4.058187485;Thu May 03 09:48:41 GMT+02:00 2018;;;;;;;;;
36.71207533;-4.431054158;3.813140869;Thu May 03 09:48:33 GMT+02:00 2018;;;;;;;;;
36.71182855;-4.430852289;5.167926788;Thu May 03 09:48:25 GMT+02:00 2018;;;;;;;;;
36.7115906;-4.43065063;3.340747833;Thu May 03 09:48:16 GMT+02:00 2018;;;;;;;;;
36.71138792;-4.430410328;4.548285007;Thu May 03 09:48:08 GMT+02:00 2018;;;;;;;;;
36.71117531;-4.430147867;4.268490314;Thu May 03 09:48:00 GMT+02:00 2018;;;;;;;;;
36.71099516;-4.429873584;4.390420437;Thu May 03 09:47:54 GMT+02:00 2018;;;;;;;;;
36.71084245;-4.429552471;3.566332579;Thu May 03 09:47:49 GMT+02:00 2018;;;;;;;;;
36.71063732;-4.429280741;3.352581024;Thu May 03 09:47:41 GMT+02:00 2018;;;;;;;;;
36.71045092;-4.429033636;3.218551397;Thu May 03 09:47:33 GMT+02:00 2018;;;;;;;;;
36.71021795;-4.428841892;4.398718834;Thu May 03 09:47:26 GMT+02:00 2018;;;;;;;;;
36.7100064;-4.42860333;3.741732836;Thu May 03 09:47:20 GMT+02:00 2018;;;;;;;;;
36.70979999;-4.428377038;5.502710342;Thu May 03 09:47:13 GMT+02:00 2018;;;;;;;;;
36.70957269;-4.428136595;3.949832201;Thu May 03 09:47:05 GMT+02:00 2018;;;;;;;;;
36.70930574;-4.428275914;4.421411514;Thu May 03 09:46:57 GMT+02:00 2018;;;;;;;;;
36.70906583;-4.428477754;4.406780243;Thu May 03 09:46:50 GMT+02:00 2018;;;;;;;;;
36.7088226;-4.428646613;4.246482372;Thu May 03 09:46:43 GMT+02:00 2018;;;;;;;;;
36.70856576;-4.42880454;3.357770681;Thu May 03 09:46:35 GMT+02:00 2018;;;;;;;;;
36.70833696;-4.429035953;5.083369732;Thu May 03 09:46:18 GMT+02:00 2018;;;;;;;;;
36.70810337;-4.429263476;4.453665733;Thu May 03 09:46:11 GMT+02:00 2018;;;;;;;;;
36.70786133;-4.429464341;3.938068628;Thu May 03 09:46:04 GMT+02:00 2018;;;;;;;;;
36.70762701;-4.429684734;4.319157124;Thu May 03 09:45:57 GMT+02:00 2018;;;;;;;;;
36.70738105;-4.429920269;4.90947628;Thu May 03 09:45:50 GMT+02:00 2018;;;;;;;;;
36.70714375;-4.430152882;4.279773235;Thu May 03 09:45:44 GMT+02:00 2018;;;;;;;;;
36.70691393;-4.430363353;4.56822443;Thu May 03 09:45:38 GMT+02:00 2018;;;;;;;;;
36.70666656;-4.430571408;4.244195461;Thu May 03 09:45:31 GMT+02:00 2018;;;;;;;;;
36.70643946;-4.43083518;3.58000946;Thu May 03 09:45:24 GMT+02:00 2018;;;;;;;;;
36.70620778;-4.431077021;5.117408752;Thu May 03 09:45:16 GMT+02:00 2018;;;;;;;;;
36.70594137;-4.431285602;5.202638149;Thu May 03 09:45:10 GMT+02:00 2018;;;;;;;;;
36.7056941;-4.431485156;5.03764534;Thu May 03 09:45:04 GMT+02:00 2018;;;;;;;;;
36.70547897;-4.431701224;4.578178406;Thu May 03 09:44:58 GMT+02:00 2018;;;;;;;;;
36.70524159;-4.431875531;4.955029011;Thu May 03 09:44:52 GMT+02:00 2018;;;;;;;;;
36.70497955;-4.432086169;5.031090736;Thu May 03 09:44:45 GMT+02:00 2018;;;;;;;;;
36.70470478;-4.432221605;4.351575851;Thu May 03 09:44:39 GMT+02:00 2018;;;;;;;;;
36.70442619;-4.432404784;5.129500389;Thu May 03 09:44:33 GMT+02:00 2018;;;;;;;;;
36.70418519;-4.43259193;4.664957047;Thu May 03 09:44:27 GMT+02:00 2018;;;;;;;;;
36.70396382;-4.432788254;4.749649525;Thu May 03 09:44:21 GMT+02:00 2018;;;;;;;;;
36.70372054;-4.432951993;3.683113337;Thu May 03 09:44:11 GMT+02:00 2018;;;;;;;;;
36.70350287;-4.433200965;4.941596985;Thu May 03 09:44:05 GMT+02:00 2018;;;;;;;;;
36.70325375;-4.433358614;4.011911869;Thu May 03 09:43:59 GMT+02:00 2018;;;;;;;;;
36.7030121;-4.433512467;4.281342506;Thu May 03 09:43:52 GMT+02:00 2018;;;;;;;;;
36.70272753;-4.433509366;4.984657288;Thu May 03 09:43:45 GMT+02:00 2018;;;;;;;;;
36.70247226;-4.433370886;4.352593422;Thu May 03 09:43:33 GMT+02:00 2018;;;;;;;;;
36.70220269;-4.433559437;4.654467583;Thu May 03 09:43:26 GMT+02:00 2018;;;;;;;;;
36.70195933;-4.433714495;5.022420406;Thu May 03 09:43:20 GMT+02:00 2018;;;;;;;;;
36.70174916;-4.433996005;5.038328648;Thu May 03 09:43:13 GMT+02:00 2018;;;;;;;;;
36.70154404;-4.434238352;4.966289043;Thu May 03 09:43:07 GMT+02:00 2018;;;;;;;;;
36.70134792;-4.43447451;5.352232456;Thu May 03 09:43:01 GMT+02:00 2018;;;;;;;;;
36.7011538;-4.434735037;5.449315071;Thu May 03 09:42:55 GMT+02:00 2018;;;;;;;;;
36.70094951;-4.434992932;5.493187904;Thu May 03 09:42:49 GMT+02:00 2018;;;;;;;;;
36.70073117;-4.435256111;5.459041595;Thu May 03 09:42:43 GMT+02:00 2018;;;;;;;;;
36.70046644;-4.435427744;4.61384964;Thu May 03 09:42:35 GMT+02:00 2018;;;;;;;;;
36.70017064;-4.435433107;4.589828014;Thu May 03 09:42:28 GMT+02:00 2018;;;;;;;;;
36.69987344;-4.435562275;4.291575909;Thu May 03 09:42:21 GMT+02:00 2018;;;;;;;;;
36.69961886;-4.435748097;4.594842434;Thu May 03 09:42:14 GMT+02:00 2018;;;;;;;;;
36.69939991;-4.435945181;4.958816051;Thu May 03 09:42:08 GMT+02:00 2018;;;;;;;;;
36.69918501;-4.436153265;3.778275728;Thu May 03 09:42:02 GMT+02:00 2018;;;;;;;;;
36.69892553;-4.436306298;4.357417107;Thu May 03 09:41:55 GMT+02:00 2018;;;;;;;;;
36.6986671;-4.436474952;4.440310955;Thu May 03 09:41:49 GMT+02:00 2018;;;;;;;;;
36.69840928;-4.436613516;4.002920151;Thu May 03 09:41:42 GMT+02:00 2018;;;;;;;;;
36.69816013;-4.436797946;4.061255932;Thu May 03 09:41:34 GMT+02:00 2018;;;;;;;;;
36.6979017;-4.436952949;4.066108704;Thu May 03 09:41:27 GMT+02:00 2018;;;;;;;;;
36.69764806;-4.437161529;4.541958332;Thu May 03 09:41:19 GMT+02:00 2018;;;;;;;;;
36.69740337;-4.43738784;4.503512859;Thu May 03 09:41:12 GMT+02:00 2018;;;;;;;;;
36.69713663;-4.437554619;4.247367859;Thu May 03 09:41:05 GMT+02:00 2018;;;;;;;;;
36.69696018;-4.437822138;3.738348722;Thu May 03 09:40:58 GMT+02:00 2018;;;;;;;;;
36.69670125;-4.43799515;4.291650772;Thu May 03 09:40:50 GMT+02:00 2018;;;;;;;;;
36.69643722;-4.438178215;4.485141754;Thu May 03 09:40:43 GMT+02:00 2018;;;;;;;;;
36.69615949;-4.438355258;4.05602026;Thu May 03 09:40:36 GMT+02:00 2018;;;;;;;;;
36.69588811;-4.438442719;3.638421535;Thu May 03 09:40:29 GMT+02:00 2018;;;;;;;;;
36.69562792;-4.438644497;4.757613659;Thu May 03 09:40:22 GMT+02:00 2018;;;;;;;;;
36.69537244;-4.438860515;4.338231564;Thu May 03 09:40:15 GMT+02:00 2018;;;;;;;;;
36.69518374;-4.439162942;4.731350899;Thu May 03 09:40:08 GMT+02:00 2018;;;;;;;;;
36.69489547;-4.439252053;3.312891483;Thu May 03 09:40:00 GMT+02:00 2018;;;;;;;;;
36.69460476;-4.439337764;4.198825359;Thu May 03 09:39:52 GMT+02:00 2018;;;;;;;;;
36.69434703;-4.439473558;4.244824886;Thu May 03 09:39:45 GMT+02:00 2018;;;;;;;;;
36.6941436;-4.439705661;3.868841648;Thu May 03 09:39:38 GMT+02:00 2018;;;;;;;;;
36.69393797;-4.439938807;4.370690346;Thu May 03 09:39:31 GMT+02:00 2018;;;;;;;;;
36.69374521;-4.440194323;4.196330547;Thu May 03 09:39:17 GMT+02:00 2018;;;;;;;;;
36.69387545;-4.440503071;3.655140877;Thu May 03 09:39:11 GMT+02:00 2018;;;;;;;;;
36.69379128;-4.440847449;4.144886017;Thu May 03 09:39:00 GMT+02:00 2018;;;;;;;;;
36.69353552;-4.441030887;5.122308254;Thu May 03 09:38:53 GMT+02:00 2018;;;;;;;;;
36.6932713;-4.441231359;4.280642033;Thu May 03 09:38:46 GMT+02:00 2018;;;;;;;;;
36.69302751;-4.441438505;5.293267727;Thu May 03 09:38:39 GMT+02:00 2018;;;;;;;;;
36.6929669;-4.44178172;5.029500484;Thu May 03 09:38:30 GMT+02:00 2018;;;;;;;;;
36.69309289;-4.442144048;5.014862061;Thu May 03 09:38:23 GMT+02:00 2018;;;;;;;;;
36.6931847;-4.442463927;5.454663277;Thu May 03 09:38:17 GMT+02:00 2018;;;;;;;;;
36.69328447;-4.442797428;5.146502018;Thu May 03 09:38:11 GMT+02:00 2018;;;;;;;;;
36.69344137;-4.443109407;5.332912922;Thu May 03 09:38:05 GMT+02:00 2018;;;;;;;;;
36.69361921;-4.443437668;5.481415749;Thu May 03 09:37:59 GMT+02:00 2018;;;;;;;;;
36.69365891;-4.44377836;3.948381424;Thu May 03 09:37:53 GMT+02:00 2018;;;;;;;;;
36.69365252;-4.444160735;3.726764202;Thu May 03 09:37:47 GMT+02:00 2018;;;;;;;;;
36.69383671;-4.444439379;1.762121797;Thu May 03 09:37:31 GMT+02:00 2018;;;;;;;;;
36.69409503;-4.444284265;2.88599515;Thu May 03 09:37:22 GMT+02:00 2018;;;;;;;;;
36.69431955;-4.444483833;4.947076797;Thu May 03 09:37:13 GMT+02:00 2018;;;;;;;;;
36.69439957;-4.444861288;5.772434235;Thu May 03 09:37:08 GMT+02:00 2018;;;;;;;;;
36.69453568;-4.445232613;3.949913502;Thu May 03 09:37:02 GMT+02:00 2018;;;;;;;;;
36.69460104;-4.445585642;5.184694767;Thu May 03 09:36:55 GMT+02:00 2018;;;;;;;;;
36.69470406;-4.445902578;4.764182091;Thu May 03 09:36:50 GMT+02:00 2018;;;;;;;;;
36.69490015;-4.446181996;4.285089493;Thu May 03 09:36:45 GMT+02:00 2018;;;;;;;;;
36.69494979;-4.446533708;3.883531809;Thu May 03 09:36:33 GMT+02:00 2018;;;;;;;;;
36.69469177;-4.446722625;3.953621626;Thu May 03 09:36:27 GMT+02:00 2018;;;;;;;;;
36.69445726;-4.446913919;4.331050873;Thu May 03 09:36:20 GMT+02:00 2018;;;;;;;;;
36.69447988;-4.447300783;3.15790534;Thu May 03 09:36:12 GMT+02:00 2018;;;;;;;;;
36.69444328;-4.447664362;4.022408009;Thu May 03 09:36:02 GMT+02:00 2018;;;;;;;;;
36.69452083;-4.447994432;4.027222157;Thu May 03 09:35:53 GMT+02:00 2018;;;;;;;;;
36.69442036;-4.448318112;3.745561838;Thu May 03 09:35:42 GMT+02:00 2018;;;;;;;;;
36.69434199;-4.448683174;1.731857657;Thu May 03 09:35:20 GMT+02:00 2018;;;;;;;;;
36.69440518;-4.449021576;3.285605669;Thu May 03 09:35:06 GMT+02:00 2018;;;;;;;;;
36.69460238;-4.449283981;2.63183856;Thu May 03 09:34:57 GMT+02:00 2018;;;;;;;;;
36.69467202;-4.449611742;1.346895576;Thu May 03 09:34:49 GMT+02:00 2018;;;;;;;;;
36.69477731;-4.449932853;3.065937996;Thu May 03 09:34:36 GMT+02:00 2018;;;;;;;;;
36.6950174;-4.450120944;5.548914909;Thu May 03 09:34:29 GMT+02:00 2018;;;;;;;;;
36.69530592;-4.450283946;5.804325581;Thu May 03 09:34:24 GMT+02:00 2018;;;;;;;;;
36.6955161;-4.450530579;6.260953426;Thu May 03 09:34:19 GMT+02:00 2018;;;;;;;;;
36.69573981;-4.450800659;2.022305012;Thu May 03 09:33:57 GMT+02:00 2018;;;;;;;;;
36.69602619;-4.450868954;1.767490506;Thu May 03 09:33:42 GMT+02:00 2018;;;;;;;;;
36.6961595;-4.450576387;3.447782755;Thu May 03 09:33:28 GMT+02:00 2018;;;;;;;;;
36.69634802;-4.450308261;2.671419621;Thu May 03 09:33:16 GMT+02:00 2018;;;;;;;;;
36.69659532;-4.450086747;2.854493856;Thu May 03 09:33:08 GMT+02:00 2018;;;;;;;;;
36.69680284;-4.449857175;2.028172016;Thu May 03 09:32:59 GMT+02:00 2018;;;;;;;;;
36.69706145;-4.449957458;2.952393055;Thu May 03 09:32:41 GMT+02:00 2018;;;;;;;;;
36.6972757;-4.450213045;3.500143766;Thu May 03 09:32:32 GMT+02:00 2018;;;;;;;;;
36.69747572;-4.450467892;3.991072655;Thu May 03 09:32:25 GMT+02:00 2018;;;;;;;;;
36.69761728;-4.450795042;3.167705059;Thu May 03 09:32:19 GMT+02:00 2018;;;;;;;;;
36.69779077;-4.451074084;3.535786867;Thu May 03 09:32:12 GMT+02:00 2018;;;;;;;;;
36.69808314;-4.451071385;2.49146843;Thu May 03 09:32:02 GMT+02:00 2018;;;;;;;;;
36.69830898;-4.450867803;1.707386374;Thu May 03 09:31:55 GMT+02:00 2018;;;;;;;;;
36.69847977;-4.450581248;8.682693481;Thu May 03 09:31:28 GMT+02:00 2018;;;;;;;;;
36.69830775;-4.450296153;1.947788715;Thu May 03 09:28:24 GMT+02:00 2018;;;;;;;;;
36.69821999;-4.450662003;2.182550192;Thu May 03 09:28:19 GMT+02:00 2018;;;;;;;;;
36.69831671;-4.451044896;4.477962494;Thu May 03 09:27:14 GMT+02:00 2018;;;;;;;;;
36.69833797;-4.450657642;1.537405729;Thu May 03 09:27:00 GMT+02:00 2018;;;;;;;;;
36.69805058;-4.450583893;1.148104668;Thu May 03 09:26:56 GMT+02:00 2018;;;;;;;;;
36.69825242;-4.450336632;0.986469805;Thu May 03 09:26:53 GMT+02:00 2018;;;;;;;;;
36.69829507;-4.450738035;2.625499487;Thu May 03 09:26:27 GMT+02:00 2018;;;;;;;;;
36.69849588;-4.45033288;1.510423541;Thu May 03 09:26:05 GMT+02:00 2018;;;;;;;;;
36.69829592;-4.450570418;1.16591239;Thu May 03 09:22:51 GMT+02:00 2018;;;;;;;;;
36.69804677;-4.450735969;2.858268738;Thu May 03 09:17:10 GMT+02:00 2018;;;;;;;;;
36.69826945;-4.45093992;6.514659882;Thu May 03 09:15:58 GMT+02:00 2018;;;;;;;;;
36.69858944;-4.45081426;1.720022917;Thu May 03 09:14:54 GMT+02:00 2018;;;;;;;;;
36.69831999;-4.450785747;3.447353125;Thu May 03 09:13:18 GMT+02:00 2018;;;;;;;;;
36.69844968;-4.450483096;1.374493241;Thu May 03 09:13:09 GMT+02:00 2018;;;;;;;;;
36.69862925;-4.450165225;4.356371403;Thu May 03 09:13:07 GMT+02:00 2018;;;;;;;;;
36.69847297;-4.450558983;1.586674333;Thu May 03 09:01:03 GMT+02:00 2018;;;;;;;;;
36.69824405;-4.450348467;1.007948995;Thu May 03 09:00:38 GMT+02:00 2018;;;;;;;;;
36.69809818;-4.449980786;1.110817194;Thu May 03 09:00:26 GMT+02:00 2018;;;;;;;;;
36.69871003;-4.450015449;6.135792255;Thu May 03 08:59:52 GMT+02:00 2018;;;;;;;;;
36.69863175;-4.450492996;0.287311077;Thu May 03 08:59:50 GMT+02:00 2018;;;;;;;;;
36.69810169;-4.450394138;4.653989315;Thu May 03 08:48:35 GMT+02:00 2018;;;;;;;;;
36.69818264;-4.450839025;2.0239501;Thu May 03 08:44:26 GMT+02:00 2018;;;;;;;;;
36.69818794;-4.450488314;1.505386591;Thu May 03 08:30:46 GMT+02:00 2018;;;;;;;;;
36.69825364;-4.450860668;0.899481058;Thu May 03 08:30:40 GMT+02:00 2018;;;;;;;;;
36.69859749;-4.450636024;0.468974561;Thu May 03 08:30:27 GMT+02:00 2018;;;;;;;;;
36.69837062;-4.450988742;3.805841923;Thu May 03 08:30:25 GMT+02:00 2018;;;;;;;;;
36.69814947;-4.450696783;1.624813437;Thu May 03 08:20:45 GMT+02:00 2018;;;;;;;;;
36.6984055;-4.450566653;1.545276761;Thu May 03 07:46:45 GMT+02:00 2018;;;;;;;;;
36.69817924;-4.450180387;2.169091702;Thu May 03 07:46:44 GMT+02:00 2018;;;;;;;;;
36.69846653;-4.450338027;0.519986928;Thu May 03 07:43:46 GMT+02:00 2018;;;;;;;;;
36.69827226;-4.450589146;0.197223261;Thu May 03 07:26:12 GMT+02:00 2018;;;;;;;;;
36.69856645;-4.45051922;1.710673451;Thu May 03 07:25:45 GMT+02:00 2018;;;;;;;;;
36.69886277;-4.450598767;1.453333497;Thu May 03 07:25:43 GMT+02:00 2018;;;;;;;;;
36.69847211;-4.450505317;1.274916649;Thu May 03 07:25:40 GMT+02:00 2018;;;;;;;;;
36.69795657;-4.450901026;1.679655552;Thu May 03 07:25:08 GMT+02:00 2018;;;;;;;;;
36.69837925;-4.450785777;1.914536834;Thu May 03 06:23:58 GMT+02:00 2018;;;;;;;;;
36.69828507;-4.450442206;1.209914088;Thu May 03 00:52:15 GMT+02:00 2018;;;;;;;;;
36.69847337;-4.450738986;0;Thu May 03 00:18:22 GMT+02:00 2018;;;;;;;;;
36.69818223;-4.450690353;1.336527944;Wed May 02 23:40:03 GMT+02:00 2018;;;;;;;;;
36.69831296;-4.45038584;1.764219999;Wed May 02 23:31:16 GMT+02:00 2018;;;;;;;;;
36.69807739;-4.45057305;1.270551205;Wed May 02 23:30:32 GMT+02:00 2018;;;;;;;;;
36.69834793;-4.450476622;0.736849606;Wed May 02 23:28:39 GMT+02:00 2018;;;;;;;;;
36.69849273;-4.450171563;0.829145432;Wed May 02 23:27:31 GMT+02:00 2018;;;;;;;;;
36.69833339;-4.45044713;0.664845407;Wed May 02 23:26:15 GMT+02:00 2018;;;;;;;;;
36.69827031;-4.450778093;1.455370665;Wed May 02 23:25:49 GMT+02:00 2018;;;;;;;;;
36.69803611;-4.450608831;0.549719393;Wed May 02 23:25:40 GMT+02:00 2018;;;;;;;;;
36.69778905;-4.450441721;4.41236639;Wed May 02 23:25:32 GMT+02:00 2018;;;;;;;;;
36.6978365;-4.450894604;1.867229581;Wed May 02 23:25:27 GMT+02:00 2018;;;;;;;;;
36.69811695;-4.451115135;4.586582661;Wed May 02 23:25:20 GMT+02:00 2018;;;;;;;;;
36.69834969;-4.450921503;2.850654602;Wed May 02 23:25:19 GMT+02:00 2018;;;;;;;;;
36.69843995;-4.450416619;1.182240129;Wed May 02 23:20:09 GMT+02:00 2018;;;;;;;;;
36.69802326;-4.450939366;6.434720993;Wed May 02 23:20:07 GMT+02:00 2018;;;;;;;;;
36.69859386;-4.450381127;1.628114939;Wed May 02 23:17:38 GMT+02:00 2018;;;;;;;;;
36.69842748;-4.450706272;3.039107561;Wed May 02 23:14:10 GMT+02:00 2018;;;;;;;;;
36.69849712;-4.450092015;4.79389286;Wed May 02 23:14:09 GMT+02:00 2018;;;;;;;;;
36.69889946;-4.450435513;5.432079792;Wed May 02 23:13:58 GMT+02:00 2018;;;;;;;;;
36.69843244;-4.450753464;1.096166134;Wed May 02 23:12:25 GMT+02:00 2018;;;;;;;;;
36.69842985;-4.450391767;5.035223961;Wed May 02 23:10:40 GMT+02:00 2018;;;;;;;;;
36.69856556;-4.450090728;5.003143787;Wed May 02 23:10:38 GMT+02:00 2018;;;;;;;;;
36.69844762;-4.450546934;2.882096291;Wed May 02 23:08:02 GMT+02:00 2018;;;;;;;;;
36.69874173;-4.450417162;1.693307161;Wed May 02 23:07:59 GMT+02:00 2018;;;;;;;;;
36.69902936;-4.450235604;3.809549332;Wed May 02 23:07:56 GMT+02:00 2018;;;;;;;;;
36.69852216;-4.450565151;1.062211871;Wed May 02 23:04:38 GMT+02:00 2018;;;;;;;;;
36.69871908;-4.450322261;1.105241299;Wed May 02 23:04:21 GMT+02:00 2018;;;;;;;;;
36.69869621;-4.449977832;1.074008346;Wed May 02 23:03:53 GMT+02:00 2018;;;;;;;;;
36.69862217;-4.449651085;1.10490036;Wed May 02 23:03:27 GMT+02:00 2018;;;;;;;;;
36.6985513;-4.449313791;1.381147504;Wed May 02 23:03:07 GMT+02:00 2018;;;;;;;;;
36.69838848;-4.449041123;0;Wed May 02 23:02:44 GMT+02:00 2018;;;;;;;;;
36.69818019;-4.448819506;1.37713325;Wed May 02 23:02:18 GMT+02:00 2018;;;;;;;;;
36.69794429;-4.448629458;1.46217823;Wed May 02 23:02:04 GMT+02:00 2018;;;;;;;;;
36.69772384;-4.448393648;0.633131385;Wed May 02 23:01:38 GMT+02:00 2018;;;;;;;;;
36.6977748;-4.448046246;1.079422951;Wed May 02 23:01:16 GMT+02:00 2018;;;;;;;;;
36.6976192;-4.447753326;1.213532209;Wed May 02 23:00:47 GMT+02:00 2018;;;;;;;;;
36.6975054;-4.447441709;0.920223296;Wed May 02 23:00:28 GMT+02:00 2018;;;;;;;;;
36.69732251;-4.4471823;1.265909672;Wed May 02 22:59:59 GMT+02:00 2018;;;;;;;;;
36.69711476;-4.446950218;1.072337031;Wed May 02 22:59:36 GMT+02:00 2018;;;;;;;;;
36.69684804;-4.447008815;0.727536798;Wed May 02 22:58:26 GMT+02:00 2018;;;;;;;;;
36.69660159;-4.447167398;0.964461505;Wed May 02 22:58:05 GMT+02:00 2018;;;;;;;;;
36.69635101;-4.447332347;0.630283296;Wed May 02 22:57:37 GMT+02:00 2018;;;;;;;;;
36.69609913;-4.447464802;1.077662468;Wed May 02 22:57:14 GMT+02:00 2018;;;;;;;;;
36.69585519;-4.4476134;1.299665809;Wed May 02 22:56:49 GMT+02:00 2018;;;;;;;;;
36.69562103;-4.447786333;1.221451044;Wed May 02 22:56:27 GMT+02:00 2018;;;;;;;;;
36.6954024;-4.44798742;1.233474612;Wed May 02 22:55:48 GMT+02:00 2018;;;;;;;;;
36.69514627;-4.448122616;0;Wed May 02 22:55:23 GMT+02:00 2018;;;;;;;;;
36.69488619;-4.448219428;1.099349976;Wed May 02 22:55:00 GMT+02:00 2018;;;;;;;;;
36.6946438;-4.448377067;0.669316232;Wed May 02 22:54:34 GMT+02:00 2018;;;;;;;;;
36.69437096;-4.448372856;1.218142152;Wed May 02 22:53:43 GMT+02:00 2018;;;;;;;;;
36.69413465;-4.448560275;1.221876383;Wed May 02 22:53:22 GMT+02:00 2018;;;;;;;;;
36.69392523;-4.448782678;1.243586779;Wed May 02 22:52:57 GMT+02:00 2018;;;;;;;;;
36.6936565;-4.448864154;1.369944334;Wed May 02 22:52:35 GMT+02:00 2018;;;;;;;;;
36.69339084;-4.448933607;1.054091692;Wed May 02 22:52:14 GMT+02:00 2018;;;;;;;;;
36.69312132;-4.449033986;1.289589524;Wed May 02 22:51:50 GMT+02:00 2018;;;;;;;;;
36.6928669;-4.449184037;1.228784323;Wed May 02 22:51:20 GMT+02:00 2018;;;;;;;;;
36.69264176;-4.449377551;1.010706782;Wed May 02 22:50:54 GMT+02:00 2018;;;;;;;;;
36.69241035;-4.449551219;0.951984346;Wed May 02 22:50:31 GMT+02:00 2018;;;;;;;;;
36.6921658;-4.449699291;1.122615814;Wed May 02 22:50:11 GMT+02:00 2018;;;;;;;;;
36.69190615;-4.449795515;1.093040347;Wed May 02 22:49:42 GMT+02:00 2018;;;;;;;;;
36.69166;-4.449655999;1.247665524;Wed May 02 22:49:14 GMT+02:00 2018;;;;;;;;;
36.69155275;-4.4493355;1.068349957;Wed May 02 22:48:51 GMT+02:00 2018;;;;;;;;;
36.69130053;-4.449198894;1.105062246;Wed May 02 22:48:28 GMT+02:00 2018;;;;;;;;;
36.69106028;-4.449375893;0.89511919;Wed May 02 22:47:56 GMT+02:00 2018;;;;;;;;;
36.69082118;-4.449560049;1.052375197;Wed May 02 22:47:29 GMT+02:00 2018;;;;;;;;;
36.69056918;-4.449708969;0.963449776;Wed May 02 22:47:00 GMT+02:00 2018;;;;;;;;;
36.69029713;-4.449805252;0.867636204;Wed May 02 22:46:31 GMT+02:00 2018;;;;;;;;;
36.69003422;-4.449893809;0.915166259;Wed May 02 22:46:06 GMT+02:00 2018;;;;;;;;;
36.68977679;-4.450018187;0.812121868;Wed May 02 22:45:42 GMT+02:00 2018;;;;;;;;;
36.68952784;-4.450171694;1.136649489;Wed May 02 22:45:16 GMT+02:00 2018;;;;;;;;;
36.68924389;-4.450201759;1.050998092;Wed May 02 22:44:43 GMT+02:00 2018;;;;;;;;;
36.68905647;-4.44994385;1.165052652;Wed May 02 22:44:12 GMT+02:00 2018;;;;;;;;;
36.68881115;-4.450111292;1.353850126;Wed May 02 22:43:52 GMT+02:00 2018;;;;;;;;;
36.68856894;-4.450260568;1.12520504;Wed May 02 22:43:30 GMT+02:00 2018;;;;;;;;;
36.68829578;-4.450332387;1.041641474;Wed May 02 22:43:01 GMT+02:00 2018;;;;;;;;;
36.68803273;-4.450443515;1.250575185;Wed May 02 22:42:40 GMT+02:00 2018;;;;;;;;;
36.68776615;-4.450535368;0.948339582;Wed May 02 22:42:07 GMT+02:00 2018;;;;;;;;;
36.68765568;-4.450219173;0.518938184;Wed May 02 22:41:37 GMT+02:00 2018;;;;;;;;;
36.68745887;-4.449982407;1.793438911;Wed May 02 22:40:57 GMT+02:00 2018;;;;;;;;;
36.6873708;-4.449653764;0;Wed May 02 22:40:31 GMT+02:00 2018;;;;;;;;;
36.68721684;-4.449376464;0.804361999;Wed May 02 22:40:05 GMT+02:00 2018;;;;;;;;;
36.68695861;-4.449480177;0.985357344;Wed May 02 22:39:36 GMT+02:00 2018;;;;;;;;;
36.68668286;-4.449473315;0.857553661;Wed May 02 22:39:01 GMT+02:00 2018;;;;;;;;;
36.68642691;-4.44958277;2.267454863;Wed May 02 22:31:25 GMT+02:00 2018;;;;;;;;;
36.68624887;-4.449306074;0.69826901;Wed May 02 22:30:58 GMT+02:00 2018;;;;;;;;;
36.68643503;-4.449570366;1.532061577;Wed May 02 22:30:23 GMT+02:00 2018;;;;;;;;;
36.68627016;-4.449282907;0.849821329;Wed May 02 22:29:52 GMT+02:00 2018;;;;;;;;;
36.68633835;-4.449624832;0.827994108;Wed May 02 22:24:04 GMT+02:00 2018;;;;;;;;;
36.68621204;-4.449308835;1.043320417;Wed May 02 22:22:59 GMT+02:00 2018;;;;;;;;;
36.68640953;-4.449558689;1.024771929;Wed May 02 22:18:59 GMT+02:00 2018;;;;;;;;;
36.68657204;-4.449927979;4.2462883;Wed May 02 22:18:35 GMT+02:00 2018;;;;;;;;;
36.68638083;-4.449600376;1.813551903;Wed May 02 22:07:07 GMT+02:00 2018;;;;;;;;;
36.68652936;-4.449923965;1.847989321;Wed May 02 22:03:18 GMT+02:00 2018;;;;;;;;;
36.68652013;-4.450273085;0.470173717;Wed May 02 22:02:55 GMT+02:00 2018;;;;;;;;;
36.6859989;-4.448954786;1.875174165;Wed May 02 22:02:45 GMT+02:00 2018;;;;;;;;;
36.68569213;-4.448813747;1.584201694;Wed May 02 22:02:39 GMT+02:00 2018;;;;;;;;;
36.68604687;-4.448896327;2.678673506;Wed May 02 22:02:37 GMT+02:00 2018;;;;;;;;;
36.6857603;-4.44882073;1.203392029;Wed May 02 22:02:34 GMT+02:00 2018;;;;;;;;;
36.68616374;-4.44944738;1.620656371;Wed May 02 22:02:16 GMT+02:00 2018;;;;;;;;;
36.68610645;-4.448994855;1.086325884;Wed May 02 22:02:14 GMT+02:00 2018;;;;;;;;;
36.6855245;-4.448835474;9.356648445;Wed May 02 22:00:10 GMT+02:00 2018;;;;;;;;;
36.68580348;-4.448966725;8.363232613;Wed May 02 22:00:00 GMT+02:00 2018;;;;;;;;;
36.6861168;-4.449126685;2.388819456;Wed May 02 21:59:31 GMT+02:00 2018;;;;;;;;;
36.68557282;-4.448424395;2.209488392;Wed May 02 21:59:28 GMT+02:00 2018;;;;;;;;;
36.68619562;-4.449326589;0.938746035;Wed May 02 21:53:00 GMT+02:00 2018;;;;;;;;;
36.68613398;-4.44899154;2.761104107;Wed May 02 21:52:54 GMT+02:00 2018;;;;;;;;;
36.68629478;-4.448697821;1.955561161;Wed May 02 21:52:52 GMT+02:00 2018;;;;;;;;;
36.68611968;-4.449261105;1.465368032;Wed May 02 21:51:16 GMT+02:00 2018;;;;;;;;;
36.68628101;-4.449555985;1.004654765;Wed May 02 21:49:12 GMT+02:00 2018;;;;;;;;;
36.68603619;-4.449408273;0.231615812;Wed May 02 21:45:36 GMT+02:00 2018;;;;;;;;;
36.68632038;-4.449881046;0.441559613;Wed May 02 21:45:35 GMT+02:00 2018;;;;;;;;;
36.68607457;-4.449504338;0.543148339;Wed May 02 21:45:34 GMT+02:00 2018;;;;;;;;;
36.68635253;-4.449274914;0.824698269;Wed May 02 21:45:33 GMT+02:00 2018;;;;;;;;;
36.68556871;-4.44899433;15.4633112;Wed May 02 21:43:52 GMT+02:00 2018;;;;;;;;;
36.68600134;-4.44960781;2.614849091;Wed May 02 21:42:29 GMT+02:00 2018;;;;;;;;;
36.68564755;-4.448945225;1.405148029;Wed May 02 21:41:46 GMT+02:00 2018;;;;;;;;;
36.68596082;-4.44938954;2.051987171;Wed May 02 21:41:33 GMT+02:00 2018;;;;;;;;;
36.68609851;-4.449887474;2.593098164;Wed May 02 21:41:28 GMT+02:00 2018;;;;;;;;;
36.68636203;-4.450398784;4.561778069;Wed May 02 21:41:25 GMT+02:00 2018;;;;;;;;;
36.68594063;-4.449524771;4.385623455;Wed May 02 21:41:18 GMT+02:00 2018;;;;;;;;;
36.68588229;-4.449087317;3.047832489;Wed May 02 21:41:14 GMT+02:00 2018;;;;;;;;;
36.68580236;-4.448733881;9.949446678;Wed May 02 21:41:10 GMT+02:00 2018;;;;;;;;;
36.68598793;-4.449858836;1.50771153;Wed May 02 21:41:07 GMT+02:00 2018;;;;;;;;;
36.68615007;-4.449469815;0.982059538;Wed May 02 21:39:52 GMT+02:00 2018;;;;;;;;;
36.68633421;-4.449219539;0.867454648;Wed May 02 21:38:19 GMT+02:00 2018;;;;;;;;;
36.6861942;-4.449507251;1.465916038;Wed May 02 21:37:37 GMT+02:00 2018;;;;;;;;;
36.68633023;-4.449804048;0.694035471;Wed May 02 21:37:17 GMT+02:00 2018;;;;;;;;;
36.68618956;-4.449417444;0.177824438;Wed May 02 21:37:13 GMT+02:00 2018;;;;;;;;;
36.6864588;-4.449476607;3.064450502;Wed May 02 21:34:55 GMT+02:00 2018;;;;;;;;;
36.68619222;-4.449329807;0.564587772;Wed May 02 21:34:45 GMT+02:00 2018;;;;;;;;;
36.68665074;-4.449494472;0.272427708;Wed May 02 21:34:35 GMT+02:00 2018;;;;;;;;;
36.68686396;-4.449707501;1.519181848;Wed May 02 21:34:34 GMT+02:00 2018;;;;;;;;;
36.68658096;-4.449575427;4.239116669;Wed May 02 21:34:23 GMT+02:00 2018;;;;;;;;;
36.6873606;-4.450142989;1.465419531;Wed May 02 21:34:16 GMT+02:00 2018;;;;;;;;;
36.68798489;-4.449987389;0.278063983;Wed May 02 21:34:03 GMT+02:00 2018;;;;;;;;;
36.68740389;-4.449811594;4.232563019;Wed May 02 21:34:02 GMT+02:00 2018;;;;;;;;;
36.68691779;-4.449801595;2.978206158;Wed May 02 21:33:46 GMT+02:00 2018;;;;;;;;;
36.68690083;-4.450211819;3.174031496;Wed May 02 21:33:41 GMT+02:00 2018;;;;;;;;;
36.68658028;-4.449746295;0.532189846;Wed May 02 21:33:40 GMT+02:00 2018;;;;;;;;;
36.6867196;-4.450165763;2.546300411;Wed May 02 21:33:38 GMT+02:00 2018;;;;;;;;;
36.69045804;-4.45517186;5.084584236;Wed May 02 21:32:33 GMT+02:00 2018;;;;;;;;;
36.68761013;-4.454053471;5.278871536;Wed May 02 21:31:44 GMT+02:00 2018;;;;;;;;;
36.68621975;-4.449530557;0.528482318;Wed May 02 21:31:15 GMT+02:00 2018;;;;;;;;;
36.68682091;-4.451188393;4.356264591;Wed May 02 21:31:14 GMT+02:00 2018;;;;;;;;;
36.68644352;-4.449978927;0.458738923;Wed May 02 21:31:12 GMT+02:00 2018;;;;;;;;;
36.68676503;-4.450904433;5.558236122;Wed May 02 21:31:09 GMT+02:00 2018;;;;;;;;;
36.6868796;-4.45130783;5.474024773;Wed May 02 21:31:03 GMT+02:00 2018;;;;;;;;;
36.68621289;-4.449542549;0.873302758;Wed May 02 21:29:54 GMT+02:00 2018;;;;;;;;;
36.68605329;-4.449271469;1.643829465;Wed May 02 21:29:03 GMT+02:00 2018;;;;;;;;;
36.68614362;-4.449590778;2.463871241;Wed May 02 21:28:52 GMT+02:00 2018;;;;;;;;;
36.68627252;-4.449935635;2.788707018;Wed May 02 21:28:33 GMT+02:00 2018;;;;;;;;;
36.68620232;-4.449583916;2.412848949;Wed May 02 21:26:11 GMT+02:00 2018;;;;;;;;;
36.68613075;-4.449259396;0.775942564;Wed May 02 21:26:01 GMT+02:00 2018;;;;;;;;;
36.68591264;-4.44905659;0.819490135;Wed May 02 21:25:56 GMT+02:00 2018;;;;;;;;;
36.68610713;-4.449317324;0.296709299;Wed May 02 21:25:52 GMT+02:00 2018;;;;;;;;;
36.68644434;-4.449589954;2.291095972;Wed May 02 21:25:17 GMT+02:00 2018;;;;;;;;;
36.68620783;-4.44939246;2.061115742;Wed May 02 21:24:00 GMT+02:00 2018;;;;;;;;;
36.68638154;-4.449707734;2.834275723;Wed May 02 21:23:46 GMT+02:00 2018;;;;;;;;;
36.68653757;-4.450045316;1.662240505;Wed May 02 21:23:42 GMT+02:00 2018;;;;;;;;;
36.68668453;-4.450414417;0;Wed May 02 21:23:30 GMT+02:00 2018;;;;;;;;;
36.68650276;-4.450164096;4.840088367;Wed May 02 21:23:24 GMT+02:00 2018;;;;;;;;;
36.68629223;-4.44979035;3.644090414;Wed May 02 21:23:18 GMT+02:00 2018;;;;;;;;;
36.68633615;-4.449457653;1.745422482;Wed May 02 21:23:12 GMT+02:00 2018;;;;;;;;;
36.68606337;-4.449481797;1.769762635;Wed May 02 21:23:09 GMT+02:00 2018;;;;;;;;;
36.68720952;-4.450078936;4.245071888;Wed May 02 21:22:58 GMT+02:00 2018;;;;;;;;;
36.68624916;-4.449409072;4.656722069;Wed May 02 21:22:56 GMT+02:00 2018;;;;;;;;;
36.68686088;-4.450010557;0.513323009;Wed May 02 21:22:49 GMT+02:00 2018;;;;;;;;;
36.68661472;-4.449806209;0.192962915;Wed May 02 21:22:48 GMT+02:00 2018;;;;;;;;;
36.68622148;-4.449527689;0.661925793;Wed May 02 21:22:47 GMT+02:00 2018;;;;;;;;;
36.68639069;-4.449833859;1.032475471;Wed May 02 21:22:34 GMT+02:00 2018;;;;;;;;;
36.68665862;-4.449968929;2.657528639;Wed May 02 21:22:30 GMT+02:00 2018;;;;;;;;;
36.68594742;-4.448773238;3.698941231;Wed May 02 21:22:18 GMT+02:00 2018;;;;;;;;;
36.68608504;-4.449091616;1.145450234;Wed May 02 21:22:07 GMT+02:00 2018;;;;;;;;;
36.68779503;-4.450669658;7.226595402;Wed May 02 21:21:58 GMT+02:00 2018;;;;;;;;;
36.68752316;-4.450857244;6.710193157;Wed May 02 21:21:57 GMT+02:00 2018;;;;;;;;;
36.68605844;-4.449170951;1.544773459;Wed May 02 21:21:13 GMT+02:00 2018;;;;;;;;;
36.68655002;-4.449309499;3.047204733;Wed May 02 21:21:11 GMT+02:00 2018;;;;;;;;;
36.68619934;-4.449521036;0.615524292;Wed May 02 21:20:53 GMT+02:00 2018;;;;;;;;;
36.68646902;-4.449651849;1.628516793;Wed May 02 21:19:42 GMT+02:00 2018;;;;;;;;;
36.68674176;-4.449589166;0.504623294;Wed May 02 21:19:28 GMT+02:00 2018;;;;;;;;;
36.68649091;-4.449341949;1.013577104;Wed May 02 21:19:26 GMT+02:00 2018;;;;;;;;;
36.68591205;-4.449185723;1.146368146;Wed May 02 21:14:59 GMT+02:00 2018;;;;;;;;;
36.68581093;-4.448784311;2.641813278;Wed May 02 21:14:57 GMT+02:00 2018;;;;;;;;;
36.68594756;-4.449119308;2.203806639;Wed May 02 21:14:45 GMT+02:00 2018;;;;;;;;;
36.6860648;-4.449510453;1.243844867;Wed May 02 21:13:57 GMT+02:00 2018;;;;;;;;;
36.68588879;-4.44924974;0.739467681;Wed May 02 21:13:45 GMT+02:00 2018;;;;;;;;;
36.68373869;-4.449317401;3.994673491;Wed May 02 21:13:37 GMT+02:00 2018;;;;;;;;;
36.68525674;-4.449455412;5.073950768;Wed May 02 21:13:35 GMT+02:00 2018;;;;;;;;;
36.68630559;-4.449456257;0.789463639;Wed May 02 21:10:34 GMT+02:00 2018;;;;;;;;;
36.68644921;-4.449745722;2.049188137;Wed May 02 21:10:18 GMT+02:00 2018;;;;;;;;;
36.68670156;-4.449977113;2.305650473;Wed May 02 21:10:05 GMT+02:00 2018;;;;;;;;;
36.68692157;-4.450172918;1.737885952;Wed May 02 21:09:46 GMT+02:00 2018;;;;;;;;;
36.6871912;-4.450091665;3.489034891;Wed May 02 21:09:36 GMT+02:00 2018;;;;;;;;;
36.68745258;-4.450221898;3.832957506;Wed May 02 21:09:25 GMT+02:00 2018;;;;;;;;;
36.6875961;-4.450568472;3.103645325;Wed May 02 21:09:18 GMT+02:00 2018;;;;;;;;;
36.68786946;-4.450664696;3.650293112;Wed May 02 21:09:04 GMT+02:00 2018;;;;;;;;;
36.68813722;-4.450477083;4.457234859;Wed May 02 21:08:57 GMT+02:00 2018;;;;;;;;;
36.68836756;-4.450294039;3.76158452;Wed May 02 21:08:51 GMT+02:00 2018;;;;;;;;;
36.68862142;-4.450133408;3.578848362;Wed May 02 21:08:43 GMT+02:00 2018;;;;;;;;;
36.68889097;-4.450022802;3.452146769;Wed May 02 21:08:35 GMT+02:00 2018;;;;;;;;;
36.68917015;-4.450079364;3.387696028;Wed May 02 21:08:23 GMT+02:00 2018;;;;;;;;;
36.6894126;-4.450296958;3.027300358;Wed May 02 21:08:12 GMT+02:00 2018;;;;;;;;;
36.68967327;-4.450129358;3.841845512;Wed May 02 21:08:04 GMT+02:00 2018;;;;;;;;;
36.68993079;-4.449963612;4.157104492;Wed May 02 21:07:56 GMT+02:00 2018;;;;;;;;;
36.69018679;-4.449812315;4.267608643;Wed May 02 21:07:49 GMT+02:00 2018;;;;;;;;;
36.69046611;-4.449732961;4.032791615;Wed May 02 21:07:41 GMT+02:00 2018;;;;;;;;;
36.69066385;-4.449427439;4.826449394;Wed May 02 21:07:34 GMT+02:00 2018;;;;;;;;;
36.69093161;-4.44928566;5.108158588;Wed May 02 21:07:28 GMT+02:00 2018;;;;;;;;;
36.69120641;-4.449236154;5.685073853;Wed May 02 21:07:23 GMT+02:00 2018;;;;;;;;;
36.69149561;-4.449280562;2.999833107;Wed May 02 21:07:13 GMT+02:00 2018;;;;;;;;;
36.6916038;-4.449614762;4.012981892;Wed May 02 21:07:06 GMT+02:00 2018;;;;;;;;;
36.69177876;-4.449880626;2.305223227;Wed May 02 21:06:53 GMT+02:00 2018;;;;;;;;;
36.69203469;-4.449752902;4.042870045;Wed May 02 21:06:43 GMT+02:00 2018;;;;;;;;;
36.69229642;-4.449631471;4.641784668;Wed May 02 21:06:37 GMT+02:00 2018;;;;;;;;;
36.69256536;-4.449480806;4.033637047;Wed May 02 21:06:30 GMT+02:00 2018;;;;;;;;;
36.69282611;-4.449332369;3.26127553;Wed May 02 21:06:22 GMT+02:00 2018;;;;;;;;;
36.69308747;-4.449141623;3.4226861;Wed May 02 21:06:12 GMT+02:00 2018;;;;;;;;;
36.69335167;-4.449261341;2.158222675;Wed May 02 21:05:51 GMT+02:00 2018;;;;;;;;;
36.69358164;-4.449456471;3.975421667;Wed May 02 21:05:46 GMT+02:00 2018;;;;;;;;;
36.69388176;-4.449460776;1.694752455;Wed May 02 21:05:36 GMT+02:00 2018;;;;;;;;;
36.69396733;-4.449793378;1.570735455;Wed May 02 21:05:21 GMT+02:00 2018;;;;;;;;;
36.69422628;-4.449963428;3.771481752;Wed May 02 21:05:12 GMT+02:00 2018;;;;;;;;;
36.69447576;-4.450153654;1.947130442;Wed May 02 21:04:58 GMT+02:00 2018;;;;;;;;;
36.69464861;-4.449860085;1.097011447;Wed May 02 21:04:41 GMT+02:00 2018;;;;;;;;;
36.69488204;-4.45005136;4.629142284;Wed May 02 21:04:32 GMT+02:00 2018;;;;;;;;;
36.6951005;-4.450278423;4.77039814;Wed May 02 21:04:26 GMT+02:00 2018;;;;;;;;;
36.69530131;-4.450565961;4.958193779;Wed May 02 21:04:20 GMT+02:00 2018;;;;;;;;;
36.6955655;-4.450770458;2.101243496;Wed May 02 21:04:08 GMT+02:00 2018;;;;;;;;;
36.69585926;-4.450771327;2.701305628;Wed May 02 21:03:54 GMT+02:00 2018;;;;;;;;;
36.69612014;-4.450892063;2.131396532;Wed May 02 21:03:41 GMT+02:00 2018;;;;;;;;;
36.69631937;-4.451138124;2.295427322;Wed May 02 21:03:25 GMT+02:00 2018;;;;;;;;;
36.69660087;-4.451165098;3.942383289;Wed May 02 21:03:13 GMT+02:00 2018;;;;;;;;;
36.69690409;-4.451131595;2.458264112;Wed May 02 21:02:58 GMT+02:00 2018;;;;;;;;;
36.69718391;-4.451171559;4.242110729;Wed May 02 21:02:47 GMT+02:00 2018;;;;;;;;;
36.69741412;-4.450939098;5.000314236;Wed May 02 21:02:41 GMT+02:00 2018;;;;;;;;;
36.69768962;-4.450784776;2.38212657;Wed May 02 21:02:31 GMT+02:00 2018;;;;;;;;;
36.69793922;-4.450959693;2.247953415;Wed May 02 21:02:22 GMT+02:00 2018;;;;;;;;;
36.69816289;-4.450764345;1.630754232;Wed May 02 21:02:03 GMT+02:00 2018;;;;;;;;;
36.69842334;-4.450616157;0.376537591;Wed May 02 21:01:29 GMT+02:00 2018;;;;;;;;;
36.6982548;-4.450138135;2.137447357;Wed May 02 21:01:27 GMT+02:00 2018;;;;;;;;;
36.69841236;-4.450654322;2.982549429;Wed May 02 21:00:02 GMT+02:00 2018;;;;;;;;;
36.69817243;-4.450496637;2.014549017;Wed May 02 20:59:44 GMT+02:00 2018;;;;;;;;;
36.69785489;-4.451041515;2.503117561;Wed May 02 20:58:23 GMT+02:00 2018;;;;;;;;;
36.6979739;-4.450737129;2.400986195;Wed May 02 20:58:14 GMT+02:00 2018;;;;;;;;;
36.69830995;-4.450490763;1.393165827;Wed May 02 20:57:59 GMT+02:00 2018;;;;;;;;;
36.69858178;-4.450454108;0.996936679;Wed May 02 20:57:49 GMT+02:00 2018;;;;;;;;;
36.6988507;-4.45041093;1.528599024;Wed May 02 20:57:43 GMT+02:00 2018;;;;;;;;;
36.69912723;-4.45049816;0.305251569;Wed May 02 20:57:37 GMT+02:00 2018;;;;;;;;;
36.69934869;-4.450881776;2.694985151;Wed May 02 20:57:34 GMT+02:00 2018;;;;;;;;;
36.69824709;-4.450663883;7.40975523;Wed May 02 20:57:30 GMT+02:00 2018;;;;;;;;;
36.69864683;-4.450428479;0.809610963;Wed May 02 20:54:45 GMT+02:00 2018;;;;;;;;;
36.69876132;-4.450118752;1.589903474;Wed May 02 20:54:22 GMT+02:00 2018;;;;;;;;;
36.69871128;-4.449786804;2.022114038;Wed May 02 20:54:03 GMT+02:00 2018;;;;;;;;;
36.69861403;-4.449472615;1.306407809;Wed May 02 20:53:48 GMT+02:00 2018;;;;;;;;;
36.69847539;-4.449180236;1.170313954;Wed May 02 20:53:29 GMT+02:00 2018;;;;;;;;;
36.6982747;-4.44893048;1.057289243;Wed May 02 20:53:11 GMT+02:00 2018;;;;;;;;;
36.69808267;-4.448667024;1.159158826;Wed May 02 20:52:57 GMT+02:00 2018;;;;;;;;;
36.69784105;-4.44851528;0.691145539;Wed May 02 20:52:40 GMT+02:00 2018;;;;;;;;;
36.69756849;-4.448546007;1.052178383;Wed May 02 20:52:17 GMT+02:00 2018;;;;;;;;;
36.69739765;-4.44882812;1.880776286;Wed May 02 20:52:04 GMT+02:00 2018;;;;;;;;;
36.6975545;-4.448524471;1.120370269;Wed May 02 20:36:41 GMT+02:00 2018;;;;;;;;;
36.69779366;-4.448332537;2.314188957;Wed May 02 20:36:23 GMT+02:00 2018;;;;;;;;;
36.69788106;-4.447993417;1.129510403;Wed May 02 20:36:04 GMT+02:00 2018;;;;;;;;;
36.69811016;-4.4477813;1.197861433;Wed May 02 20:35:45 GMT+02:00 2018;;;;;;;;;
36.69836004;-4.447605959;1.587052107;Wed May 02 20:35:19 GMT+02:00 2018;;;;;;;;;
36.69851779;-4.447312461;1.198140144;Wed May 02 20:35:01 GMT+02:00 2018;;;;;;;;;
36.69868507;-4.447038865;1.865637541;Wed May 02 20:34:46 GMT+02:00 2018;;;;;;;;;
36.69889218;-4.446791189;0.995473623;Wed May 02 20:34:30 GMT+02:00 2018;;;;;;;;;
36.69910264;-4.446567758;1.747916222;Wed May 02 20:34:13 GMT+02:00 2018;;;;;;;;;
36.69935006;-4.446417936;1.187411904;Wed May 02 20:33:25 GMT+02:00 2018;;;;;;;;;
36.69953636;-4.446173467;1.119850993;Wed May 02 20:33:05 GMT+02:00 2018;;;;;;;;;
36.69981032;-4.446135017;1.012782574;Wed May 02 20:32:24 GMT+02:00 2018;;;;;;;;;
36.7174499;-4.468796679;17.79064369;Wed May 02 20:14:35 GMT+02:00 2018;;;;;;;;;
36.71740316;-4.469187836;17.84471703;Wed May 02 20:14:33 GMT+02:00 2018;;;;;;;;;
36.71735377;-4.469577305;17.94192505;Wed May 02 20:14:31 GMT+02:00 2018;;;;;;;;;
36.7173017;-4.46997539;17.72583199;Wed May 02 20:14:29 GMT+02:00 2018;;;;;;;;;
36.71724433;-4.470381324;16.2245121;Wed May 02 20:14:27 GMT+02:00 2018;;;;;;;;;
36.71718768;-4.470741209;14.84655762;Wed May 02 20:14:25 GMT+02:00 2018;;;;;;;;;
36.71711815;-4.471197152;11.71033955;Wed May 02 20:14:22 GMT+02:00 2018;;;;;;;;;
36.71706788;-4.47164327;8.901856422;Wed May 02 20:14:18 GMT+02:00 2018;;;;;;;;;
36.71703416;-4.47202055;7.080013275;Wed May 02 20:14:14 GMT+02:00 2018;;;;;;;;;
36.71698746;-4.472394098;4.552299023;Wed May 02 20:13:34 GMT+02:00 2018;;;;;;;;;
36.7168985;-4.472736349;6.713041306;Wed May 02 20:13:28 GMT+02:00 2018;;;;;;;;;
36.71685081;-4.47311958;8.914809227;Wed May 02 20:13:23 GMT+02:00 2018;;;;;;;;;
36.71677544;-4.473524032;9.206442833;Wed May 02 20:13:19 GMT+02:00 2018;;;;;;;;;
36.71670499;-4.473865771;8.814375877;Wed May 02 20:13:16 GMT+02:00 2018;;;;;;;;;
36.71665723;-4.474265433;8.498150826;Wed May 02 20:13:12 GMT+02:00 2018;;;;;;;;;
36.71660598;-4.474650206;8.213137627;Wed May 02 20:13:08 GMT+02:00 2018;;;;;;;;;
36.71656222;-4.475043113;8.712514877;Wed May 02 20:13:04 GMT+02:00 2018;;;;;;;;;
36.71651981;-4.475417454;7.628651142;Wed May 02 20:13:00 GMT+02:00 2018;;;;;;;;;
36.71647653;-4.475801438;5.928634644;Wed May 02 20:12:55 GMT+02:00 2018;;;;;;;;;
36.7164378;-4.476155291;4.818361759;Wed May 02 20:12:49 GMT+02:00 2018;;;;;;;;;
36.71636872;-4.47651312;9.296957016;Wed May 02 20:12:44 GMT+02:00 2018;;;;;;;;;
36.71630628;-4.476936146;10.00584126;Wed May 02 20:12:40 GMT+02:00 2018;;;;;;;;;
36.71630279;-4.477287896;10.75127697;Wed May 02 20:12:37 GMT+02:00 2018;;;;;;;;;
36.71633407;-4.477662334;11.0518446;Wed May 02 20:12:34 GMT+02:00 2018;;;;;;;;;
36.7163941;-4.478069361;11.48138046;Wed May 02 20:12:31 GMT+02:00 2018;;;;;;;;;
36.71648721;-4.47842846;1.044503212;Wed May 02 20:09:15 GMT+02:00 2018;;;;;;;;;
36.7162381;-4.47829733;1.152428389;Wed May 02 20:08:45 GMT+02:00 2018;;;;;;;;;
36.71596193;-4.478336559;0.610747337;Wed May 02 20:08:20 GMT+02:00 2018;;;;;;;;;
36.71594238;-4.477990006;0.824430943;Wed May 02 20:07:55 GMT+02:00 2018;;;;;;;;;
36.71586643;-4.477660142;1.035600901;Wed May 02 20:07:29 GMT+02:00 2018;;;;;;;;;
36.71562174;-4.477509855;1.351765037;Wed May 02 20:07:03 GMT+02:00 2018;;;;;;;;;
36.71549177;-4.477205114;0.848760486;Wed May 02 20:06:16 GMT+02:00 2018;;;;;;;;;
36.71548296;-4.476866049;1.186992407;Wed May 02 20:05:55 GMT+02:00 2018;;;;;;;;;
36.71549144;-4.476510534;0.606284142;Wed May 02 20:05:30 GMT+02:00 2018;;;;;;;;;
36.71545154;-4.476177805;0.664989471;Wed May 02 20:04:56 GMT+02:00 2018;;;;;;;;;
36.71524268;-4.475953071;0.78278023;Wed May 02 20:04:17 GMT+02:00 2018;;;;;;;;;
36.71497304;-4.475925526;0.96265626;Wed May 02 20:03:54 GMT+02:00 2018;;;;;;;;;
36.7146944;-4.475888537;1.209457636;Wed May 02 20:03:26 GMT+02:00 2018;;;;;;;;;
36.71446303;-4.475713824;1.47863853;Wed May 02 20:02:58 GMT+02:00 2018;;;;;;;;;
36.71418777;-4.475633646;1.203028321;Wed May 02 20:02:39 GMT+02:00 2018;;;;;;;;;
36.7139347;-4.475487072;0.694911599;Wed May 02 20:01:26 GMT+02:00 2018;;;;;;;;;
36.71387633;-4.475149684;1.10301578;Wed May 02 20:00:57 GMT+02:00 2018;;;;;;;;;
36.7138394;-4.47481645;0.926477075;Wed May 02 20:00:33 GMT+02:00 2018;;;;;;;;;
36.71381821;-4.474472444;1.411893129;Wed May 02 20:00:07 GMT+02:00 2018;;;;;;;;;
36.71380242;-4.474131544;0.730621636;Wed May 02 19:59:44 GMT+02:00 2018;;;;;;;;;
36.71379651;-4.473792929;1.353733301;Wed May 02 19:59:22 GMT+02:00 2018;;;;;;;;;
36.71376961;-4.473449686;1.296490312;Wed May 02 19:58:57 GMT+02:00 2018;;;;;;;;;
36.71349491;-4.473504794;1.165024281;Wed May 02 19:58:43 GMT+02:00 2018;;;;;;;;;
36.71325065;-4.473347107;1.10122025;Wed May 02 19:58:12 GMT+02:00 2018;;;;;;;;;
36.71312859;-4.473040839;0.896351397;Wed May 02 19:57:44 GMT+02:00 2018;;;;;;;;;
36.71317642;-4.47270615;0.243140563;Wed May 02 19:57:18 GMT+02:00 2018;;;;;;;;;
36.71312961;-4.472370937;0.938102126;Wed May 02 19:56:56 GMT+02:00 2018;;;;;;;;;
36.71310161;-4.472036839;0.888364375;Wed May 02 19:56:24 GMT+02:00 2018;;;;;;;;;
36.71308099;-4.471695357;1.296857834;Wed May 02 19:55:59 GMT+02:00 2018;;;;;;;;;
36.71307269;-4.471347253;0.581623912;Wed May 02 19:55:31 GMT+02:00 2018;;;;;;;;;
36.71303404;-4.471013872;1.351790667;Wed May 02 19:54:49 GMT+02:00 2018;;;;;;;;;
36.71298027;-4.470676622;1.050676107;Wed May 02 19:54:19 GMT+02:00 2018;;;;;;;;;
36.71294003;-4.470332536;1.18430829;Wed May 02 19:53:53 GMT+02:00 2018;;;;;;;;;
36.71289208;-4.469986208;0.687182665;Wed May 02 19:53:22 GMT+02:00 2018;;;;;;;;;
36.71285864;-4.46965044;0.652511954;Wed May 02 19:52:53 GMT+02:00 2018;;;;;;;;;
36.71278637;-4.469322366;1.223736048;Wed May 02 19:52:25 GMT+02:00 2018;;;;;;;;;
36.71277539;-4.468985452;0.996907651;Wed May 02 19:52:01 GMT+02:00 2018;;;;;;;;;
36.71276276;-4.468646028;0.494564891;Wed May 02 19:51:38 GMT+02:00 2018;;;;;;;;;
36.71251481;-4.468504905;0.984846413;Wed May 02 19:51:05 GMT+02:00 2018;;;;;;;;;
36.71224476;-4.468571028;0.834376335;Wed May 02 19:50:36 GMT+02:00 2018;;;;;;;;;
36.71199022;-4.468430411;0.771594226;Wed May 02 19:49:55 GMT+02:00 2018;;;;;;;;;
36.71201024;-4.468088544;0.606328607;Wed May 02 19:49:20 GMT+02:00 2018;;;;;;;;;
36.71199844;-4.467749206;1.019263506;Wed May 02 19:48:28 GMT+02:00 2018;;;;;;;;;
36.71196831;-4.467407827;0.260599315;Wed May 02 19:47:16 GMT+02:00 2018;;;;;;;;;
36.71139934;-4.468266592;0.356492579;Wed May 02 19:47:15 GMT+02:00 2018;;;;;;;;;
36.71192811;-4.467351933;0.627470851;Wed May 02 19:47:14 GMT+02:00 2018;;;;;;;;;
36.71169675;-4.467742449;0.957898855;Wed May 02 19:47:13 GMT+02:00 2018;;;;;;;;;
36.71214522;-4.467375709;0.645855606;Wed May 02 19:21:15 GMT+02:00 2018;;;;;;;;;
36.71194087;-4.467675068;0.961261094;Wed May 02 19:21:13 GMT+02:00 2018;;;;;;;;;
36.71204555;-4.467239075;2.362767696;Wed May 02 19:21:11 GMT+02:00 2018;;;;;;;;;
36.71185482;-4.466899446;1.901663065;Wed May 02 19:21:10 GMT+02:00 2018;;;;;;;;;
36.71199245;-4.467637856;0.583698273;Wed May 02 19:13:55 GMT+02:00 2018;;;;;;;;;
36.7119988;-4.467983823;0.589244247;Wed May 02 19:13:24 GMT+02:00 2018;;;;;;;;;
36.71200259;-4.468323047;0.831732571;Wed May 02 19:12:48 GMT+02:00 2018;;;;;;;;;
36.7121692;-4.468600808;1.114557266;Wed May 02 19:12:16 GMT+02:00 2018;;;;;;;;;
36.71242532;-4.468725447;1.297086835;Wed May 02 19:11:48 GMT+02:00 2018;;;;;;;;;
36.7127034;-4.46868482;0.983950734;Wed May 02 19:11:25 GMT+02:00 2018;;;;;;;;;
36.71283771;-4.468982464;0.745858908;Wed May 02 19:10:57 GMT+02:00 2018;;;;;;;;;
36.71286612;-4.469317873;1.166805148;Wed May 02 19:10:31 GMT+02:00 2018;;;;;;;;;
36.71288017;-4.469654289;1.06974256;Wed May 02 19:10:06 GMT+02:00 2018;;;;;;;;;
36.71291454;-4.469994023;1.2199651;Wed May 02 19:09:43 GMT+02:00 2018;;;;;;;;;
36.71297265;-4.470322665;1.188513994;Wed May 02 19:09:20 GMT+02:00 2018;;;;;;;;;
36.71301292;-4.47067241;1.198729277;Wed May 02 19:08:56 GMT+02:00 2018;;;;;;;;;
36.71304445;-4.47101646;0.997322261;Wed May 02 19:08:27 GMT+02:00 2018;;;;;;;;;
36.71306239;-4.471351661;1.370809793;Wed May 02 19:08:03 GMT+02:00 2018;;;;;;;;;
36.7131195;-4.471680724;1.182076335;Wed May 02 19:07:35 GMT+02:00 2018;;;;;;;;;
36.71313858;-4.472015791;0.919401228;Wed May 02 19:07:12 GMT+02:00 2018;;;;;;;;;
36.71315734;-4.472361484;0.99706924;Wed May 02 19:06:45 GMT+02:00 2018;;;;;;;;;
36.71317693;-4.47270368;0.963943422;Wed May 02 19:06:17 GMT+02:00 2018;;;;;;;;;
36.71315844;-4.473040401;0.870497167;Wed May 02 19:05:50 GMT+02:00 2018;;;;;;;;;
36.71324731;-4.473362549;1.255920887;Wed May 02 19:05:22 GMT+02:00 2018;;;;;;;;;
36.71350368;-4.473499555;0.36713469;Wed May 02 19:05:01 GMT+02:00 2018;;;;;;;;;
36.71377389;-4.473554541;1.411192536;Wed May 02 19:04:44 GMT+02:00 2018;;;;;;;;;
36.71380144;-4.473901293;0.588732898;Wed May 02 19:04:11 GMT+02:00 2018;;;;;;;;;
36.71381717;-4.474242699;1.16395998;Wed May 02 19:03:44 GMT+02:00 2018;;;;;;;;;
36.71384736;-4.474584475;0.920653403;Wed May 02 19:03:15 GMT+02:00 2018;;;;;;;;;
36.71387269;-4.474923575;0.870295286;Wed May 02 19:02:44 GMT+02:00 2018;;;;;;;;;
36.71392212;-4.475257319;0.814615905;Wed May 02 19:02:17 GMT+02:00 2018;;;;;;;;;
36.7141036;-4.475517702;0;Wed May 02 19:01:20 GMT+02:00 2018;;;;;;;;;
36.71433598;-4.475702806;0.893237233;Wed May 02 18:59:54 GMT+02:00 2018;;;;;;;;;
36.71454707;-4.475916224;0.991584063;Wed May 02 18:59:22 GMT+02:00 2018;;;;;;;;;
36.71463924;-4.476251839;0;Wed May 02 18:58:48 GMT+02:00 2018;;;;;;;;;
36.71470538;-4.476581467;1.022918344;Wed May 02 18:58:27 GMT+02:00 2018;;;;;;;;;
36.71464943;-4.476921972;1.496295452;Wed May 02 18:57:44 GMT+02:00 2018;;;;;;;;;
36.71478133;-4.477224086;0.775401235;Wed May 02 18:57:05 GMT+02:00 2018;;;;;;;;;
36.7144938;-4.477079324;1.20137012;Wed May 02 18:57:02 GMT+02:00 2018;;;;;;;;;
36.7141353;-4.477177355;2.388481379;Wed May 02 18:57:01 GMT+02:00 2018;;;;;;;;;
36.71466165;-4.477085368;1.213175416;Wed May 02 18:56:59 GMT+02:00 2018;;;;;;;;;
36.71442314;-4.477308982;1.294797897;Wed May 02 18:55:10 GMT+02:00 2018;;;;;;;;;
36.71465391;-4.477101073;1.288684964;Wed May 02 18:54:29 GMT+02:00 2018;;;;;;;;;
36.71493586;-4.477036672;2.558391094;Wed May 02 18:54:17 GMT+02:00 2018;;;;;;;;;
36.71462318;-4.477191662;3.672005653;Wed May 02 18:54:12 GMT+02:00 2018;;;;;;;;;
36.71476848;-4.477502577;0.506656349;Wed May 02 18:53:53 GMT+02:00 2018;;;;;;;;;
36.71503834;-4.47746271;0.945048869;Wed May 02 18:53:47 GMT+02:00 2018;;;;;;;;;
36.71510093;-4.477974404;0.254010707;Wed May 02 18:53:21 GMT+02:00 2018;;;;;;;;;
36.71508402;-4.478412678;0.534838378;Wed May 02 18:53:19 GMT+02:00 2018;;;;;;;;;
36.71495712;-4.477998251;1.021238089;Wed May 02 18:53:18 GMT+02:00 2018;;;;;;;;;
36.71492446;-4.47697981;1.561460495;Wed May 02 18:52:18 GMT+02:00 2018;;;;;;;;;
36.71467596;-4.477145681;0.732622981;Wed May 02 18:51:21 GMT+02:00 2018;;;;;;;;;
36.71495106;-4.47726835;1.066746235;Wed May 02 18:49:32 GMT+02:00 2018;;;;;;;;;
36.71453871;-4.47686321;4.728898525;Wed May 02 18:45:14 GMT+02:00 2018;;;;;;;;;
36.71478842;-4.477127301;3.44948411;Wed May 02 18:45:07 GMT+02:00 2018;;;;;;;;;
36.71468294;-4.476752008;2.846487761;Wed May 02 18:45:05 GMT+02:00 2018;;;;;;;;;
36.71461912;-4.477125708;1.423748255;Wed May 02 18:28:42 GMT+02:00 2018;;;;;;;;;
36.71478567;-4.47684659;2.258025408;Wed May 02 18:25:06 GMT+02:00 2018;;;;;;;;;
36.71461047;-4.477106073;3.509310246;Wed May 02 18:22:49 GMT+02:00 2018;;;;;;;;;
36.71472428;-4.477417446;3.520144463;Wed May 02 18:22:44 GMT+02:00 2018;;;;;;;;;
36.71486819;-4.477705735;8.718007088;Wed May 02 18:22:34 GMT+02:00 2018;;;;;;;;;
36.71499069;-4.478049176;10.80903435;Wed May 02 18:22:27 GMT+02:00 2018;;;;;;;;;
36.71529175;-4.478233412;3.921960354;Wed May 02 18:21:07 GMT+02:00 2018;;;;;;;;;
36.71505189;-4.477944296;6.963747978;Wed May 02 18:20:59 GMT+02:00 2018;;;;;;;;;
36.71487551;-4.477652774;4.465598106;Wed May 02 18:20:04 GMT+02:00 2018;;;;;;;;;
36.71475313;-4.477295748;0.777460277;Wed May 02 18:19:44 GMT+02:00 2018;;;;;;;;;
36.7150501;-4.477422675;4.06606245;Wed May 02 18:18:55 GMT+02:00 2018;;;;;;;;;
36.71475303;-4.476976701;2.013070107;Wed May 02 18:15:34 GMT+02:00 2018;;;;;;;;;
36.7144955;-4.476869082;2.921478271;Wed May 02 18:14:53 GMT+02:00 2018;;;;;;;;;
36.71474274;-4.477051153;2.188191652;Wed May 02 18:14:48 GMT+02:00 2018;;;;;;;;;
36.71511062;-4.477429622;2.100832224;Wed May 02 18:14:26 GMT+02:00 2018;;;;;;;;;
36.71494667;-4.477711112;3.124584913;Wed May 02 18:14:20 GMT+02:00 2018;;;;;;;;;
36.71471285;-4.477531289;6.178165436;Wed May 02 18:14:18 GMT+02:00 2018;;;;;;;;;
36.71460302;-4.477056877;0.905863226;Wed May 02 18:10:10 GMT+02:00 2018;;;;;;;;;
36.71489523;-4.476872695;1.218590856;Wed May 02 18:10:08 GMT+02:00 2018;;;;;;;;;
36.71475953;-4.477417571;1.314336777;Wed May 02 18:07:26 GMT+02:00 2018;;;;;;;;;
36.7146251;-4.477118846;1.211730957;Wed May 02 18:06:37 GMT+02:00 2018;;;;;;;;;
36.71490361;-4.477065031;1.225658059;Wed May 02 18:06:21 GMT+02:00 2018;;;;;;;;;
36.71491181;-4.477403909;1.35883534;Wed May 02 18:05:43 GMT+02:00 2018;;;;;;;;;
36.7146426;-4.477334938;1.553245664;Wed May 02 18:05:13 GMT+02:00 2018;;;;;;;;;
36.71484034;-4.477575076;1.145834446;Wed May 02 18:05:09 GMT+02:00 2018;;;;;;;;;
36.7153736;-4.477379902;0.399053901;Wed May 02 18:05:00 GMT+02:00 2018;;;;;;;;;
36.71487147;-4.47779484;1.251963139;Wed May 02 18:03:09 GMT+02:00 2018;;;;;;;;;
36.71486926;-4.478132662;1.143668532;Wed May 02 18:02:32 GMT+02:00 2018;;;;;;;;;
36.7136427;-4.478689812;7.197319031;Wed May 02 18:02:05 GMT+02:00 2018;;;;;;;;;
36.71478598;-4.478467089;4.439930439;Wed May 02 18:02:05 GMT+02:00 2018;;;;;;;;;
36.71266444;-4.47887954;8.731669426;Wed May 02 18:02:03 GMT+02:00 2018;;;;;;;;;
36.71036644;-4.479341216;1.303343058;Wed May 02 18:02:02 GMT+02:00 2018;;;;;;;;;
36.69835778;-4.450540573;1.865294695;Wed May 02 15:11:51 GMT+02:00 2018;;;;;;;;;
36.69846064;-4.450870734;0.576476693;Wed May 02 15:11:11 GMT+02:00 2018;;;;;;;;;
36.69820505;-4.450755089;2.572265625;Wed May 02 15:10:13 GMT+02:00 2018;;;;;;;;;
36.69846953;-4.450652246;0.917958319;Wed May 02 15:02:47 GMT+02:00 2018;;;;;;;;;
36.69834245;-4.450341636;1.06891489;Wed May 02 15:02:35 GMT+02:00 2018;;;;;;;;;
36.69810922;-4.450051471;2.381372929;Wed May 02 15:02:10 GMT+02:00 2018;;;;;;;;;
36.69829746;-4.450311447;5.230108261;Wed May 02 15:01:48 GMT+02:00 2018;;;;;;;;;
36.69851127;-4.450576665;4.060935497;Wed May 02 15:01:13 GMT+02:00 2018;;;;;;;;;
36.69834406;-4.45009535;0;Wed May 02 15:00:46 GMT+02:00 2018;;;;;;;;;
36.69855548;-4.450445257;3.370414019;Wed May 02 14:58:02 GMT+02:00 2018;;;;;;;;;
36.69880958;-4.450231001;1.403622627;Wed May 02 14:57:51 GMT+02:00 2018;;;;;;;;;
36.69870093;-4.449907156;2.834657907;Wed May 02 14:57:33 GMT+02:00 2018;;;;;;;;;
36.69849862;-4.449661934;2.452536345;Wed May 02 14:57:24 GMT+02:00 2018;;;;;;;;;
36.69843649;-4.449326455;3.02725935;Wed May 02 14:57:05 GMT+02:00 2018;;;;;;;;;
36.69825025;-4.449042139;2.851132393;Wed May 02 14:56:58 GMT+02:00 2018;;;;;;;;;
36.6981663;-4.448676567;3.133317471;Wed May 02 14:56:49 GMT+02:00 2018;;;;;;;;;
36.69802675;-4.44835994;2.722122669;Wed May 02 14:56:42 GMT+02:00 2018;;;;;;;;;
36.69788247;-4.448073834;2.526745558;Wed May 02 14:56:18 GMT+02:00 2018;;;;;;;;;
36.69761286;-4.447948967;2.095235109;Wed May 02 14:56:04 GMT+02:00 2018;;;;;;;;;
36.69753774;-4.447613249;3.705020189;Wed May 02 14:55:56 GMT+02:00 2018;;;;;;;;;
36.69742649;-4.447292424;3.656345129;Wed May 02 14:55:49 GMT+02:00 2018;;;;;;;;;
36.69734743;-4.446958872;2.225595236;Wed May 02 14:55:37 GMT+02:00 2018;;;;;;;;;
36.69726172;-4.446636639;2.149831057;Wed May 02 14:55:28 GMT+02:00 2018;;;;;;;;;
36.69699158;-4.446523774;3.494466305;Wed May 02 14:54:53 GMT+02:00 2018;;;;;;;;;
36.69691198;-4.446151151;3.467054367;Wed May 02 14:54:44 GMT+02:00 2018;;;;;;;;;
36.69682344;-4.445807498;3.343110561;Wed May 02 14:53:20 GMT+02:00 2018;;;;;;;;;
36.69665848;-4.445519939;3.474838257;Wed May 02 14:53:11 GMT+02:00 2018;;;;;;;;;
36.69649784;-4.445212418;3.873870611;Wed May 02 14:53:02 GMT+02:00 2018;;;;;;;;;
36.69636033;-4.444890145;3.844406128;Wed May 02 14:52:55 GMT+02:00 2018;;;;;;;;;
36.69631715;-4.444541005;3.780012131;Wed May 02 14:52:48 GMT+02:00 2018;;;;;;;;;
36.69605875;-4.444363605;3.141142368;Wed May 02 14:52:42 GMT+02:00 2018;;;;;;;;;
36.69584349;-4.444116275;3.8377707;Wed May 02 14:52:34 GMT+02:00 2018;;;;;;;;;
36.695703;-4.443804579;2.700274229;Wed May 02 14:52:25 GMT+02:00 2018;;;;;;;;;
36.69571146;-4.443465928;3.634466887;Wed May 02 14:52:17 GMT+02:00 2018;;;;;;;;;
36.69553923;-4.443204024;3.889696836;Wed May 02 14:52:10 GMT+02:00 2018;;;;;;;;;
36.69531232;-4.442949454;1.081901789;Wed May 02 14:51:41 GMT+02:00 2018;;;;;;;;;
36.69511497;-4.442700485;3.666153908;Wed May 02 14:51:28 GMT+02:00 2018;;;;;;;;;
36.69497177;-4.44239391;2.787575006;Wed May 02 14:51:20 GMT+02:00 2018;;;;;;;;;
36.69483151;-4.442080534;2.77680707;Wed May 02 14:51:12 GMT+02:00 2018;;;;;;;;;
36.69472818;-4.441747366;3.381976366;Wed May 02 14:51:05 GMT+02:00 2018;;;;;;;;;
36.6945484;-4.441462946;2.303023338;Wed May 02 14:50:58 GMT+02:00 2018;;;;;;;;;
36.6944856;-4.441130511;3.072655678;Wed May 02 14:50:51 GMT+02:00 2018;;;;;;;;;
36.69440968;-4.440790266;1.962530613;Wed May 02 14:50:45 GMT+02:00 2018;;;;;;;;;
36.69437495;-4.440433395;3.945408821;Wed May 02 14:50:38 GMT+02:00 2018;;;;;;;;;
36.69441444;-4.440079421;2.089937687;Wed May 02 14:46:20 GMT+02:00 2018;;;;;;;;;
36.69467612;-4.439909992;3.418899775;Wed May 02 14:46:08 GMT+02:00 2018;;;;;;;;;
36.69489577;-4.439681426;3.699985027;Wed May 02 14:46:00 GMT+02:00 2018;;;;;;;;;
36.69513431;-4.439513207;3.206724882;Wed May 02 14:45:52 GMT+02:00 2018;;;;;;;;;
36.69535588;-4.439289497;3.82233119;Wed May 02 14:45:42 GMT+02:00 2018;;;;;;;;;
36.69536173;-4.438950249;3.374773026;Wed May 02 14:45:31 GMT+02:00 2018;;;;;;;;;
36.69556346;-4.438694938;3.967317104;Wed May 02 14:45:24 GMT+02:00 2018;;;;;;;;;
36.69578227;-4.438484757;4.109460831;Wed May 02 14:45:16 GMT+02:00 2018;;;;;;;;;
36.69602183;-4.438327653;3.272885799;Wed May 02 14:45:09 GMT+02:00 2018;;;;;;;;;
36.69631971;-4.438285034;3.984085798;Wed May 02 14:44:59 GMT+02:00 2018;;;;;;;;;
36.69655495;-4.438102226;3.388119698;Wed May 02 14:44:52 GMT+02:00 2018;;;;;;;;;
36.69680575;-4.437929972;3.645920515;Wed May 02 14:44:44 GMT+02:00 2018;;;;;;;;;
36.69706048;-4.437754413;2.863234043;Wed May 02 14:44:35 GMT+02:00 2018;;;;;;;;;
36.69723138;-4.437467266;3.654076099;Wed May 02 14:44:26 GMT+02:00 2018;;;;;;;;;
36.69750135;-4.437299448;3.741405487;Wed May 02 14:44:17 GMT+02:00 2018;;;;;;;;;
36.69776098;-4.437110009;3.587585926;Wed May 02 14:44:09 GMT+02:00 2018;;;;;;;;;
36.69801633;-4.436903581;3.959873915;Wed May 02 14:43:59 GMT+02:00 2018;;;;;;;;;
36.6982902;-4.436730225;3.398293734;Wed May 02 14:43:50 GMT+02:00 2018;;;;;;;;;
36.69853472;-4.436526059;3.85373044;Wed May 02 14:43:41 GMT+02:00 2018;;;;;;;;;
36.69880333;-4.436398236;3.563385487;Wed May 02 14:43:33 GMT+02:00 2018;;;;;;;;;
36.69904349;-4.436166906;3.066646099;Wed May 02 14:43:23 GMT+02:00 2018;;;;;;;;;
36.69929328;-4.436011191;3.982782364;Wed May 02 14:43:15 GMT+02:00 2018;;;;;;;;;
36.6995571;-4.4358477;3.505288363;Wed May 02 14:43:06 GMT+02:00 2018;;;;;;;;;
36.69981475;-4.435682517;4.24561882;Wed May 02 14:42:58 GMT+02:00 2018;;;;;;;;;
36.70008844;-4.435571588;4.573198318;Wed May 02 14:42:51 GMT+02:00 2018;;;;;;;;;
36.7003587;-4.435448141;4.456937313;Wed May 02 14:42:44 GMT+02:00 2018;;;;;;;;;
36.70066627;-4.435454576;4.228915215;Wed May 02 14:42:36 GMT+02:00 2018;;;;;;;;;
36.70085683;-4.4351825;4.777445793;Wed May 02 14:42:29 GMT+02:00 2018;;;;;;;;;
36.70106297;-4.43491076;4.638738155;Wed May 02 14:42:22 GMT+02:00 2018;;;;;;;;;
36.70125909;-4.434670936;5.003328323;Wed May 02 14:42:16 GMT+02:00 2018;;;;;;;;;
36.70144524;-4.434415185;4.850784302;Wed May 02 14:42:10 GMT+02:00 2018;;;;;;;;;
36.70163329;-4.434146696;4.462556362;Wed May 02 14:42:03 GMT+02:00 2018;;;;;;;;;
36.70181073;-4.433866103;2.98897624;Wed May 02 14:38:50 GMT+02:00 2018;;;;;;;;;
36.7020445;-4.433686464;3.852919102;Wed May 02 14:38:41 GMT+02:00 2018;;;;;;;;;
36.70229936;-4.433502488;4.499795914;Wed May 02 14:38:34 GMT+02:00 2018;;;;;;;;;
36.70253761;-4.433321157;3.641094685;Wed May 02 14:38:26 GMT+02:00 2018;;;;;;;;;
36.70278644;-4.433127469;3.760035992;Wed May 02 14:38:18 GMT+02:00 2018;;;;;;;;;
36.70305551;-4.433036231;3.762593746;Wed May 02 14:38:07 GMT+02:00 2018;;;;;;;;;
36.70331178;-4.433220773;3.405880928;Wed May 02 14:37:55 GMT+02:00 2018;;;;;;;;;
36.70356954;-4.43302888;3.845252514;Wed May 02 14:37:45 GMT+02:00 2018;;;;;;;;;
36.703828;-4.432838408;4.206137657;Wed May 02 14:37:38 GMT+02:00 2018;;;;;;;;;
36.70409085;-4.432651587;4.389708042;Wed May 02 14:37:31 GMT+02:00 2018;;;;;;;;;
36.70436076;-4.432453177;4.025458336;Wed May 02 14:37:23 GMT+02:00 2018;;;;;;;;;
36.70462376;-4.4322547;3.98461771;Wed May 02 14:37:15 GMT+02:00 2018;;;;;;;;;
36.70490973;-4.432140325;4.110075951;Wed May 02 14:37:07 GMT+02:00 2018;;;;;;;;;
36.70514536;-4.431955326;3.916674137;Wed May 02 14:37:00 GMT+02:00 2018;;;;;;;;;
36.70539503;-4.431731986;4.545929432;Wed May 02 14:36:53 GMT+02:00 2018;;;;;;;;;
36.70562419;-4.431519395;3.565384388;Wed May 02 14:36:46 GMT+02:00 2018;;;;;;;;;
36.70585635;-4.431320958;4.614442348;Wed May 02 14:36:39 GMT+02:00 2018;;;;;;;;;
36.70611527;-4.431137218;4.460313797;Wed May 02 14:36:32 GMT+02:00 2018;;;;;;;;;
36.70636358;-4.430967307;4.106305599;Wed May 02 14:36:26 GMT+02:00 2018;;;;;;;;;
36.70658553;-4.430757288;4.281845093;Wed May 02 14:36:20 GMT+02:00 2018;;;;;;;;;
36.70681889;-4.430498906;3.589171648;Wed May 02 14:36:12 GMT+02:00 2018;;;;;;;;;
36.70703679;-4.430269299;4.139923573;Wed May 02 14:36:05 GMT+02:00 2018;;;;;;;;;
36.70726341;-4.430043964;3.869526863;Wed May 02 14:35:58 GMT+02:00 2018;;;;;;;;;
36.70748888;-4.429850816;4.142029762;Wed May 02 14:35:52 GMT+02:00 2018;;;;;;;;;
36.70774462;-4.429660399;4.117138386;Wed May 02 14:35:44 GMT+02:00 2018;;;;;;;;;
36.70799448;-4.429438312;4.010382652;Wed May 02 14:35:36 GMT+02:00 2018;;;;;;;;;
36.70822126;-4.429222091;4.173754215;Wed May 02 14:35:29 GMT+02:00 2018;;;;;;;;;
36.70845853;-4.429000833;3.451869011;Wed May 02 14:35:21 GMT+02:00 2018;;;;;;;;;
36.70873009;-4.428830726;2.887602329;Wed May 02 14:34:57 GMT+02:00 2018;;;;;;;;;
36.7088966;-4.428529797;2.965914726;Wed May 02 14:34:49 GMT+02:00 2018;;;;;;;;;
36.70913277;-4.42829569;4.069777489;Wed May 02 14:34:42 GMT+02:00 2018;;;;;;;;;
36.70936299;-4.428100441;2.820090532;Wed May 02 14:34:35 GMT+02:00 2018;;;;;;;;;
36.7096442;-4.428039221;2.928060293;Wed May 02 14:34:26 GMT+02:00 2018;;;;;;;;;
36.70986285;-4.428297242;1.820263028;Wed May 02 14:34:16 GMT+02:00 2018;;;;;;;;;
36.71006058;-4.42855117;5.398277283;Wed May 02 14:33:56 GMT+02:00 2018;;;;;;;;;
36.71020684;-4.428835847;4.114166737;Wed May 02 14:33:51 GMT+02:00 2018;;;;;;;;;
36.71043095;-4.429095639;4.667956829;Wed May 02 14:33:44 GMT+02:00 2018;;;;;;;;;
36.71063145;-4.429345838;3.941198349;Wed May 02 14:33:38 GMT+02:00 2018;;;;;;;;;
36.71075386;-4.42968725;2.611490965;Wed May 02 14:33:28 GMT+02:00 2018;;;;;;;;;
36.71092932;-4.42996893;5.987657547;Wed May 02 14:33:20 GMT+02:00 2018;;;;;;;;;
36.71112903;-4.430251818;4.138284206;Wed May 02 14:33:15 GMT+02:00 2018;;;;;;;;;
36.71137339;-4.430469696;1.362995267;Wed May 02 14:32:56 GMT+02:00 2018;;;;;;;;;
36.71154662;-4.430735372;1.101935267;Wed May 02 14:32:35 GMT+02:00 2018;;;;;;;;;
36.71178171;-4.430924154;1.592037439;Wed May 02 14:32:07 GMT+02:00 2018;;;;;;;;;
36.71206498;-4.430899574;1.429381847;Wed May 02 14:31:46 GMT+02:00 2018;;;;;;;;;
36.71228988;-4.431110344;1.050945401;Wed May 02 14:31:29 GMT+02:00 2018;;;;;;;;;
36.71251475;-4.431311841;1.676762938;Wed May 02 14:30:59 GMT+02:00 2018;;;;;;;;;
36.71275332;-4.431481784;1.167127252;Wed May 02 14:30:22 GMT+02:00 2018;;;;;;;;;
36.71299129;-4.431302509;1.371363401;Wed May 02 14:28:47 GMT+02:00 2018;;;;;;;;;
36.71295575;-4.431655156;0.901967883;Wed May 02 14:28:39 GMT+02:00 2018;;;;;;;;;
36.71314514;-4.431906084;1.090651155;Wed May 02 14:28:20 GMT+02:00 2018;;;;;;;;;
36.71338362;-4.432086993;0.654937089;Wed May 02 14:27:56 GMT+02:00 2018;;;;;;;;;
36.71364369;-4.431972345;1.063800335;Wed May 02 14:27:39 GMT+02:00 2018;;;;;;;;;
36.71390758;-4.431817875;1.279641867;Wed May 02 14:27:28 GMT+02:00 2018;;;;;;;;;
36.71418333;-4.431795649;0.614718735;Wed May 02 14:27:03 GMT+02:00 2018;;;;;;;;;
36.7144067;-4.431989701;0.994259238;Wed May 02 14:26:31 GMT+02:00 2018;;;;;;;;;
36.71468315;-4.431913114;1.704779267;Wed May 02 14:26:08 GMT+02:00 2018;;;;;;;;;
36.71490023;-4.431682932;1.371660352;Wed May 02 14:25:51 GMT+02:00 2018;;;;;;;;;
36.71515588;-4.431547005;1.562914968;Wed May 02 14:25:31 GMT+02:00 2018;;;;;;;;;
36.71544467;-4.431516286;0.965232849;Wed May 02 14:25:04 GMT+02:00 2018;;;;;;;;;
36.71567677;-4.431332146;1.587932229;Wed May 02 14:24:46 GMT+02:00 2018;;;;;;;;;
36.71595526;-4.431270848;1.231635809;Wed May 02 14:24:34 GMT+02:00 2018;;;;;;;;;
36.71617244;-4.431060465;0.91398865;Wed May 02 14:24:20 GMT+02:00 2018;;;;;;;;;
36.71618962;-4.430708461;1.059853077;Wed May 02 14:22:46 GMT+02:00 2018;;;;;;;;;
36.71631418;-4.430405689;0.757277608;Wed May 02 14:22:31 GMT+02:00 2018;;;;;;;;;
36.71660827;-4.430388527;1.170735359;Wed May 02 14:22:01 GMT+02:00 2018;;;;;;;;;
36.71688704;-4.430344414;1.067237496;Wed May 02 14:21:37 GMT+02:00 2018;;;;;;;;;
36.71716282;-4.430408504;0.484835923;Wed May 02 14:21:06 GMT+02:00 2018;;;;;;;;;
36.71723934;-4.430732173;1.547853708;Wed May 02 14:20:42 GMT+02:00 2018;;;;;;;;;
36.7172156;-4.43107261;0.917165935;Wed May 02 14:20:22 GMT+02:00 2018;;;;;;;;;
36.71726567;-4.431405944;0.96188581;Wed May 02 14:19:56 GMT+02:00 2018;;;;;;;;;
36.71732071;-4.43174345;1.208028316;Wed May 02 14:19:33 GMT+02:00 2018;;;;;;;;;
36.71760352;-4.43171309;1.117617369;Wed May 02 14:19:09 GMT+02:00 2018;;;;;;;;;
36.71785911;-4.431559529;0.719341695;Wed May 02 14:18:52 GMT+02:00 2018;;;;;;;;;
36.7180297;-4.431284738;0;Wed May 02 14:13:55 GMT+02:00 2018;;;;;;;;;
36.71812633;-4.431705059;0.817187131;Wed May 02 14:13:52 GMT+02:00 2018;;;;;;;;;
36.71786773;-4.431866832;1.126798868;Wed May 02 14:13:51 GMT+02:00 2018;;;;;;;;;
36.71818113;-4.431682675;1.579905629;Wed May 02 14:12:38 GMT+02:00 2018;;;;;;;;;
36.7184347;-4.431865915;1.465634465;Wed May 02 14:12:16 GMT+02:00 2018;;;;;;;;;
36.71817534;-4.43210759;0.710562706;Wed May 02 13:55:27 GMT+02:00 2018;;;;;;;;;
36.71844961;-4.43211878;0.863501787;Wed May 02 13:35:13 GMT+02:00 2018;;;;;;;;;
36.71806805;-4.43214497;0.621130049;Wed May 02 13:35:12 GMT+02:00 2018;;;;;;;;;
36.71837784;-4.432084944;0.602882743;Wed May 02 13:16:21 GMT+02:00 2018;;;;;;;;;
36.71811117;-4.432204837;0.269564003;Wed May 02 13:02:45 GMT+02:00 2018;;;;;;;;;
36.71840752;-4.432168789;0.230384514;Wed May 02 13:02:44 GMT+02:00 2018;;;;;;;;;
36.71806056;-4.432066055;0.22176896;Wed May 02 13:02:42 GMT+02:00 2018;;;;;;;;;
36.71929429;-4.431166099;2.443228483;Wed May 02 13:02:39 GMT+02:00 2018;;;;;;;;;
36.71870538;-4.431380629;0.606091738;Wed May 02 13:02:39 GMT+02:00 2018;;;;;;;;;
36.71830577;-4.432044974;0.411967814;Wed May 02 12:18:15 GMT+02:00 2018;;;;;;;;;
36.71821089;-4.432442766;2.208342791;Wed May 02 12:12:53 GMT+02:00 2018;;;;;;;;;
36.71862863;-4.432342304;3.823578835;Wed May 02 12:12:51 GMT+02:00 2018;;;;;;;;;
36.71834864;-4.432424261;1.296808481;Wed May 02 12:05:06 GMT+02:00 2018;;;;;;;;;
36.71843549;-4.432095518;1.529463172;Wed May 02 12:05:06 GMT+02:00 2018;;;;;;;;;
36.71836352;-4.431780653;0.435194969;Wed May 02 11:59:41 GMT+02:00 2018;;;;;;;;;
36.71828075;-4.432331785;1.418844342;Wed May 02 11:59:40 GMT+02:00 2018;;;;;;;;;
36.71844326;-4.431975951;0.442389518;Wed May 02 11:38:39 GMT+02:00 2018;;;;;;;;;
36.71820619;-4.432329987;2.379371881;Wed May 02 11:32:22 GMT+02:00 2018;;;;;;;;;
36.71847039;-4.432132575;1.51016295;Wed May 02 11:32:19 GMT+02:00 2018;;;;;;;;;
36.7174901;-4.432220415;1.959156513;Wed May 02 11:32:16 GMT+02:00 2018;;;;;;;;;
36.71830151;-4.432102411;0.521472216;Wed May 02 11:21:32 GMT+02:00 2018;;;;;;;;;
36.7185063;-4.431849932;0.32179448;Wed May 02 11:20:35 GMT+02:00 2018;;;;;;;;;
36.71805703;-4.431830987;0.554023922;Wed May 02 10:46:45 GMT+02:00 2018;;;;;;;;;
36.71828385;-4.432052534;0.574309468;Wed May 02 10:46:45 GMT+02:00 2018;;;;;;;;;
36.71831601;-4.432050518;0.228544295;Wed May 02 10:45:59 GMT+02:00 2018;;;;;;;;;
36.71863027;-4.432324415;0.465930015;Wed May 02 10:45:56 GMT+02:00 2018;;;;;;;;;
36.71834211;-4.432074245;0.531300545;Wed May 02 10:42:57 GMT+02:00 2018;;;;;;;;;
36.71807364;-4.432219356;0.388207495;Wed May 02 10:42:54 GMT+02:00 2018;;;;;;;;;
36.71833665;-4.432096313;0.430063963;Wed May 02 10:38:41 GMT+02:00 2018;;;;;;;;;
36.71862018;-4.431897646;1.400378942;Wed May 02 10:38:39 GMT+02:00 2018;;;;;;;;;
36.71828026;-4.432030975;0.704969525;Wed May 02 10:33:20 GMT+02:00 2018;;;;;;;;;
36.71860578;-4.432153484;0.061785061;Wed May 02 10:28:05 GMT+02:00 2018;;;;;;;;;
36.71836538;-4.431975035;0.066665135;Wed May 02 10:22:16 GMT+02:00 2018;;;;;;;;;
36.71867235;-4.43208381;0.955229819;Wed May 02 10:22:14 GMT+02:00 2018;;;;;;;;;
36.71837194;-4.432038492;0.75415659;Wed May 02 10:16:59 GMT+02:00 2018;;;;;;;;;
36.7191858;-4.431950373;0.259588152;Wed May 02 10:16:58 GMT+02:00 2018;;;;;;;;;
36.7180541;-4.431978623;0.491478562;Wed May 02 10:16:56 GMT+02:00 2018;;;;;;;;;
36.7184799;-4.431842416;1.19048512;Wed May 02 09:52:25 GMT+02:00 2018;;;;;;;;;
36.71821914;-4.432143304;0.558671534;Wed May 02 09:52:22 GMT+02:00 2018;;;;;;;;;
36.7182624;-4.431347214;3.998226404;Wed May 02 09:50:36 GMT+02:00 2018;;;;;;;;;
36.71810734;-4.431023866;3.936973333;Wed May 02 09:50:29 GMT+02:00 2018;;;;;;;;;
36.71789465;-4.430805296;2.816420078;Wed May 02 09:50:18 GMT+02:00 2018;;;;;;;;;
36.71762512;-4.430634241;3.29385519;Wed May 02 09:50:08 GMT+02:00 2018;;;;;;;;;
36.71730665;-4.430588517;2.081016064;Wed May 02 09:50:00 GMT+02:00 2018;;;;;;;;;
36.71704281;-4.430474608;2.762812614;Wed May 02 09:49:49 GMT+02:00 2018;;;;;;;;;
36.71674198;-4.430417485;1.362420917;Wed May 02 09:49:40 GMT+02:00 2018;;;;;;;;;
36.71647289;-4.430451837;0.648830533;Wed May 02 09:49:29 GMT+02:00 2018;;;;;;;;;
36.71618518;-4.430433357;2.555003881;Wed May 02 09:48:43 GMT+02:00 2018;;;;;;;;;
36.71594472;-4.430636731;3.04263711;Wed May 02 09:48:21 GMT+02:00 2018;;;;;;;;;
36.71601107;-4.430983082;3.005001783;Wed May 02 09:48:14 GMT+02:00 2018;;;;;;;;;
36.71577478;-4.431194394;3.695905685;Wed May 02 09:47:42 GMT+02:00 2018;;;;;;;;;
36.71552008;-4.431328098;4.397792339;Wed May 02 09:47:36 GMT+02:00 2018;;;;;;;;;
36.71521458;-4.431396402;2.773037434;Wed May 02 09:47:25 GMT+02:00 2018;;;;;;;;;
36.71496129;-4.43155354;3.901149035;Wed May 02 09:47:16 GMT+02:00 2018;;;;;;;;;
36.71469812;-4.431696728;3.676805973;Wed May 02 09:47:08 GMT+02:00 2018;;;;;;;;;
36.71446678;-4.431904894;3.210216761;Wed May 02 09:47:00 GMT+02:00 2018;;;;;;;;;
36.71420406;-4.431766222;3.85026145;Wed May 02 09:46:49 GMT+02:00 2018;;;;;;;;;
36.71395213;-4.431603123;2.263075352;Wed May 02 09:46:41 GMT+02:00 2018;;;;;;;;;
36.71368866;-4.431721204;3.569588423;Wed May 02 09:46:16 GMT+02:00 2018;;;;;;;;;
36.71346934;-4.431523089;4.613886356;Wed May 02 09:46:09 GMT+02:00 2018;;;;;;;;;
36.71322451;-4.431365009;5.753691196;Wed May 02 09:46:04 GMT+02:00 2018;;;;;;;;;
36.71294557;-4.431311309;3.661115646;Wed May 02 09:45:50 GMT+02:00 2018;;;;;;;;;
36.71272023;-4.431542514;1.081433296;Wed May 02 09:44:28 GMT+02:00 2018;;;;;;;;;
36.71253297;-4.431283387;2.470135212;Wed May 02 09:44:17 GMT+02:00 2018;;;;;;;;;
36.71228342;-4.431136504;3.616545677;Wed May 02 09:44:08 GMT+02:00 2018;;;;;;;;;
36.71202416;-4.430990923;4.04902792;Wed May 02 09:43:59 GMT+02:00 2018;;;;;;;;;
36.71179718;-4.430764106;3.172913074;Wed May 02 09:43:49 GMT+02:00 2018;;;;;;;;;
36.7117131;-4.430424446;3.91458106;Wed May 02 09:43:34 GMT+02:00 2018;;;;;;;;;
36.71148371;-4.430192967;2.625632763;Wed May 02 09:43:27 GMT+02:00 2018;;;;;;;;;
36.71129403;-4.429921863;3.575589418;Wed May 02 09:43:17 GMT+02:00 2018;;;;;;;;;
36.71111945;-4.429623888;4.966344833;Wed May 02 09:43:12 GMT+02:00 2018;;;;;;;;;
36.71095477;-4.429302942;2.924579859;Wed May 02 09:43:05 GMT+02:00 2018;;;;;;;;;
36.71079512;-4.428967924;3.625551224;Wed May 02 09:42:55 GMT+02:00 2018;;;;;;;;;
36.71061549;-4.428660584;4.636878967;Wed May 02 09:42:48 GMT+02:00 2018;;;;;;;;;
36.71035216;-4.42849972;5.016953945;Wed May 02 09:42:44 GMT+02:00 2018;;;;;;;;;
36.71003651;-4.428343575;3.979760885;Wed May 02 09:42:39 GMT+02:00 2018;;;;;;;;;
36.7098031;-4.428162045;5.037129879;Wed May 02 09:42:34 GMT+02:00 2018;;;;;;;;;
36.70955994;-4.427967828;3.722183704;Wed May 02 09:42:29 GMT+02:00 2018;;;;;;;;;
36.70929417;-4.428083122;4.035002232;Wed May 02 09:42:22 GMT+02:00 2018;;;;;;;;;
36.70905722;-4.428256108;3.912549019;Wed May 02 09:42:15 GMT+02:00 2018;;;;;;;;;
36.70882168;-4.428493097;3.111860037;Wed May 02 09:42:07 GMT+02:00 2018;;;;;;;;;
36.7085893;-4.428688358;3.505599737;Wed May 02 09:42:00 GMT+02:00 2018;;;;;;;;;
36.70831625;-4.428834093;3.568989992;Wed May 02 09:41:52 GMT+02:00 2018;;;;;;;;;
36.70811458;-4.429079134;3.399188519;Wed May 02 09:41:44 GMT+02:00 2018;;;;;;;;;
36.70787464;-4.429254698;4.662635326;Wed May 02 09:41:37 GMT+02:00 2018;;;;;;;;;
36.70761131;-4.429455187;4.426066399;Wed May 02 09:41:30 GMT+02:00 2018;;;;;;;;;
36.70737012;-4.429651334;4.957610607;Wed May 02 09:41:24 GMT+02:00 2018;;;;;;;;;
36.70712951;-4.42988276;4.634972572;Wed May 02 09:41:18 GMT+02:00 2018;;;;;;;;;
36.70690383;-4.430085683;4.492744923;Wed May 02 09:41:12 GMT+02:00 2018;;;;;;;;;
36.70665583;-4.430294986;4.497999191;Wed May 02 09:41:05 GMT+02:00 2018;;;;;;;;;
36.7064536;-4.430555805;4.503603935;Wed May 02 09:40:58 GMT+02:00 2018;;;;;;;;;
36.70623682;-4.430761973;4.735349655;Wed May 02 09:40:52 GMT+02:00 2018;;;;;;;;;
36.70598728;-4.430914023;4.582112312;Wed May 02 09:40:46 GMT+02:00 2018;;;;;;;;;
36.70572701;-4.431071846;4.392656803;Wed May 02 09:40:39 GMT+02:00 2018;;;;;;;;;
36.70554609;-4.431372135;4.115812302;Wed May 02 09:40:33 GMT+02:00 2018;;;;;;;;;
36.70533101;-4.431620459;4.832007885;Wed May 02 09:40:26 GMT+02:00 2018;;;;;;;;;
36.70507058;-4.431819208;4.745923519;Wed May 02 09:40:19 GMT+02:00 2018;;;;;;;;;
36.70481858;-4.432033834;3.938968897;Wed May 02 09:40:12 GMT+02:00 2018;;;;;;;;;
36.70454809;-4.432095371;4.643639088;Wed May 02 09:40:05 GMT+02:00 2018;;;;;;;;;
36.70430138;-4.432295508;4.376194954;Wed May 02 09:39:58 GMT+02:00 2018;;;;;;;;;
36.70406204;-4.432473529;4.447404861;Wed May 02 09:39:52 GMT+02:00 2018;;;;;;;;;
36.70381005;-4.432615627;3.956819773;Wed May 02 09:39:45 GMT+02:00 2018;;;;;;;;;
36.7035805;-4.43285517;5.292233467;Wed May 02 09:39:38 GMT+02:00 2018;;;;;;;;;
36.70335752;-4.433100416;4.672102928;Wed May 02 09:39:32 GMT+02:00 2018;;;;;;;;;
36.70312312;-4.433268525;3.076173306;Wed May 02 09:39:25 GMT+02:00 2018;;;;;;;;;
36.70295919;-4.433538246;1.692448854;Wed May 02 09:39:17 GMT+02:00 2018;;;;;;;;;
36.70270721;-4.433392463;4.118789196;Wed May 02 09:39:02 GMT+02:00 2018;;;;;;;;;
36.70250837;-4.433153247;3.113898039;Wed May 02 09:38:36 GMT+02:00 2018;;;;;;;;;
36.70223964;-4.433272743;4.48052454;Wed May 02 09:38:28 GMT+02:00 2018;;;;;;;;;
36.70201457;-4.433475376;5.391487598;Wed May 02 09:38:22 GMT+02:00 2018;;;;;;;;;
36.70177947;-4.43372182;5.5170784;Wed May 02 09:38:16 GMT+02:00 2018;;;;;;;;;
36.70158265;-4.433984081;5.733704567;Wed May 02 09:38:10 GMT+02:00 2018;;;;;;;;;
36.70134595;-4.434244718;5.807487011;Wed May 02 09:38:04 GMT+02:00 2018;;;;;;;;;
36.70117873;-4.4345154;5.506492138;Wed May 02 09:37:59 GMT+02:00 2018;;;;;;;;;
36.70096762;-4.434804832;5.917221546;Wed May 02 09:37:53 GMT+02:00 2018;;;;;;;;;
36.70077719;-4.435054053;6.251771927;Wed May 02 09:37:48 GMT+02:00 2018;;;;;;;;;
36.70059325;-4.435322065;5.811934471;Wed May 02 09:37:43 GMT+02:00 2018;;;;;;;;;
36.70029587;-4.435313556;5.994810581;Wed May 02 09:37:36 GMT+02:00 2018;;;;;;;;;
36.70002125;-4.435364158;6.172702789;Wed May 02 09:37:31 GMT+02:00 2018;;;;;;;;;
36.69970173;-4.435377552;6.482892036;Wed May 02 09:37:26 GMT+02:00 2018;;;;;;;;;
36.69945794;-4.435595561;6.086578846;Wed May 02 09:37:21 GMT+02:00 2018;;;;;;;;;
36.69922574;-4.435788482;5.634181499;Wed May 02 09:37:16 GMT+02:00 2018;;;;;;;;;
36.69897797;-4.43597466;5.425328732;Wed May 02 09:37:10 GMT+02:00 2018;;;;;;;;;
36.69881904;-4.43631606;4.850097656;Wed May 02 09:37:05 GMT+02:00 2018;;;;;;;;;
36.69866655;-4.436636128;3.414155483;Wed May 02 09:36:56 GMT+02:00 2018;;;;;;;;;
36.69866347;-4.437017985;4.975285053;Wed May 02 09:36:41 GMT+02:00 2018;;;;;;;;;
36.69839243;-4.437139824;4.014527321;Wed May 02 09:36:35 GMT+02:00 2018;;;;;;;;;
36.69810016;-4.437286989;2.691617966;Wed May 02 09:36:27 GMT+02:00 2018;;;;;;;;;
36.69792536;-4.437557973;3.355683327;Wed May 02 09:36:17 GMT+02:00 2018;;;;;;;;;
36.69766614;-4.437696872;3.870926142;Wed May 02 09:36:08 GMT+02:00 2018;;;;;;;;;
36.69741705;-4.437901477;2.923148632;Wed May 02 09:35:52 GMT+02:00 2018;;;;;;;;;
36.69742345;-4.438250076;0.364700049;Wed May 02 09:35:37 GMT+02:00 2018;;;;;;;;;
