latitude;longitude;speed;date;;;;
36.68896086;-4.446069793;2.606894732;Thu May 10 19:29:24 GMT+02:00 2018;;;;
36.68993415;-4.445066106;0.631034911;Thu May 10 19:28:45 GMT+02:00 2018;;;;
36.6888164;-4.446470973;10.49192333;Thu May 10 19:18:06 GMT+02:00 2018;;;;
36.68803494;-4.447118074;5.414793015;Thu May 10 19:18:00 GMT+02:00 2018;;;;
36.68901213;-4.445900528;1.292975783;Thu May 10 19:14:22 GMT+02:00 2018;;;;
36.68928549;-4.44580833;1.931377888;Thu May 10 19:14:09 GMT+02:00 2018;;;;
36.68997224;-4.445072113;0.536925018;Thu May 10 19:14:08 GMT+02:00 2018;;;;
36.69041887;-4.44476123;1.4907794;Thu May 10 19:14:07 GMT+02:00 2018;;;;
36.68940145;-4.445719903;1.140324473;Thu May 10 19:12:12 GMT+02:00 2018;;;;
36.68903974;-4.446030531;7.4471035;Thu May 10 19:09:35 GMT+02:00 2018;;;;
36.68931824;-4.44595303;2.575120687;Thu May 10 19:09:31 GMT+02:00 2018;;;;
36.6883755;-4.446688302;2.160289288;Thu May 10 19:09:30 GMT+02:00 2018;;;;
36.68944151;-4.446071138;1.08566463;Thu May 10 19:09:22 GMT+02:00 2018;;;;
36.68905553;-4.445810676;1.608288288;Thu May 10 19:07:12 GMT+02:00 2018;;;;
36.68932805;-4.445864616;1.393563032;Thu May 10 19:06:48 GMT+02:00 2018;;;;
36.68896453;-4.446069139;3.018368721;Thu May 10 19:06:47 GMT+02:00 2018;;;;
36.6892845;-4.446183165;4.02603054;Thu May 10 19:06:46 GMT+02:00 2018;;;;
36.68902991;-4.446046231;0.92852205;Thu May 10 19:05:08 GMT+02:00 2018;;;;
36.68902343;-4.446490326;0;Thu May 10 19:05:05 GMT+02:00 2018;;;;
36.68941625;-4.446128032;1.390941262;Thu May 10 19:03:48 GMT+02:00 2018;;;;
36.68959647;-4.44584966;1.328420639;Thu May 10 19:03:22 GMT+02:00 2018;;;;
36.68953124;-4.445523168;1.882489324;Thu May 10 19:03:00 GMT+02:00 2018;;;;
36.68971202;-4.445271514;1.048781395;Thu May 10 19:02:35 GMT+02:00 2018;;;;
36.68996573;-4.445131273;0.75858891;Thu May 10 19:02:07 GMT+02:00 2018;;;;
36.69010813;-4.445416778;0;Thu May 10 19:01:38 GMT+02:00 2018;;;;
36.69023713;-4.445724965;0.721588969;Thu May 10 19:01:09 GMT+02:00 2018;;;;
36.69036119;-4.446035277;0.871634066;Thu May 10 19:00:35 GMT+02:00 2018;;;;
36.6904591;-4.446357814;0.612132788;Thu May 10 19:00:07 GMT+02:00 2018;;;;
36.69055192;-4.446678073;1.973415375;Thu May 10 18:59:42 GMT+02:00 2018;;;;
36.69043306;-4.446985843;0.650910854;Thu May 10 18:59:10 GMT+02:00 2018;;;;
36.6902057;-4.447168726;1.132215977;Thu May 10 18:58:55 GMT+02:00 2018;;;;
36.68995231;-4.447335028;0.616949797;Thu May 10 18:58:32 GMT+02:00 2018;;;;
36.68970473;-4.44754853;0.767346799;Thu May 10 18:57:49 GMT+02:00 2018;;;;
36.68949372;-4.44776291;1.263961554;Thu May 10 18:56:56 GMT+02:00 2018;;;;
36.68924193;-4.447901678;0.505044639;Thu May 10 18:55:55 GMT+02:00 2018;;;;
36.68915051;-4.447584103;0.451923162;Thu May 10 18:55:47 GMT+02:00 2018;;;;parada
36.68914775;-4.447974458;0.74326849;Thu May 10 17:57:22 GMT+02:00 2018;;;;parada
36.68889139;-4.448106655;0.791097105;Thu May 10 17:56:55 GMT+02:00 2018;;;;
36.68867596;-4.44832692;0.992260695;Thu May 10 17:56:27 GMT+02:00 2018;;;;
36.68843112;-4.44847902;1.003070354;Thu May 10 17:53:16 GMT+02:00 2018;;;;
36.68849637;-4.448821462;0.855074704;Thu May 10 17:52:57 GMT+02:00 2018;;;;
36.68828923;-4.449042724;1.467064619;Thu May 10 17:52:24 GMT+02:00 2018;;;;
36.68805091;-4.449227115;0.662938416;Thu May 10 17:14:25 GMT+02:00 2018;;;;
36.68830657;-4.449062732;1.178385496;Thu May 10 17:13:52 GMT+02:00 2018;;;;
36.68831891;-4.448727119;1.348259449;Thu May 10 17:13:10 GMT+02:00 2018;;;;
36.68838776;-4.448384803;3.081061363;Thu May 10 17:12:57 GMT+02:00 2018;;;;
36.68866944;-4.448250223;1.565830827;Thu May 10 17:12:39 GMT+02:00 2018;;;;
36.68892346;-4.448084229;0.527910411;Thu May 10 17:12:08 GMT+02:00 2018;;;;
36.68919945;-4.448007698;1.050392032;Thu May 10 17:11:52 GMT+02:00 2018;;;;
36.68946717;-4.447875025;0.865955412;Thu May 10 17:11:30 GMT+02:00 2018;;;;
36.68964826;-4.447608738;1.252389908;Thu May 10 17:11:16 GMT+02:00 2018;;;;
36.68992881;-4.4475421;0.733595788;Thu May 10 17:11:04 GMT+02:00 2018;;;;
36.6901926;-4.447419738;0;Thu May 10 17:10:48 GMT+02:00 2018;;;;
36.69043625;-4.447262656;0.670077085;Thu May 10 17:10:29 GMT+02:00 2018;;;;
36.69069137;-4.447116759;2.806940794;Thu May 10 17:10:07 GMT+02:00 2018;;;;
36.69096464;-4.447193176;0.66277492;Thu May 10 17:09:46 GMT+02:00 2018;;;;
36.69128336;-4.447324997;0.824702084;Thu May 10 17:09:44 GMT+02:00 2018;;;;
36.69074796;-4.446830151;2.735050201;Thu May 10 17:09:42 GMT+02:00 2018;;;;
36.69076332;-4.447246704;4.152398109;Thu May 10 17:07:59 GMT+02:00 2018;;;;
36.69087544;-4.447588749;2.060892582;Thu May 10 17:07:55 GMT+02:00 2018;;;;
36.69080959;-4.447972736;5.345689774;Thu May 10 17:07:53 GMT+02:00 2018;;;;
36.69059725;-4.447152946;2.442745924;Thu May 10 17:07:51 GMT+02:00 2018;;;;
36.69098358;-4.447087596;0.4796592;Thu May 10 17:07:50 GMT+02:00 2018;;;;
36.6920585;-4.44733964;5.552573204;Thu May 10 17:06:39 GMT+02:00 2018;;;;
36.69177093;-4.447351326;4.242895126;Thu May 10 17:06:36 GMT+02:00 2018;;;;
36.69146497;-4.447338428;2.543107748;Thu May 10 17:06:34 GMT+02:00 2018;;;;
36.69115427;-4.447203466;1.852631807;Thu May 10 17:06:27 GMT+02:00 2018;;;;
36.69087838;-4.447007019;2.092447758;Thu May 10 17:06:00 GMT+02:00 2018;;;;
36.69087774;-4.447367219;1.868971467;Thu May 10 17:05:35 GMT+02:00 2018;;;;
36.6908157;-4.447708408;0.746783555;Thu May 10 17:05:24 GMT+02:00 2018;;;;
36.69077382;-4.448046423;1.28483057;Thu May 10 17:04:53 GMT+02:00 2018;;;;
36.69049459;-4.448126939;1.305114985;Thu May 10 17:04:30 GMT+02:00 2018;;;;
36.69022571;-4.448233724;1.339204669;Thu May 10 17:04:13 GMT+02:00 2018;;;;
36.68996339;-4.448344945;1.054571033;Thu May 10 17:03:56 GMT+02:00 2018;;;;
36.68969899;-4.448458107;1.283140659;Thu May 10 17:03:38 GMT+02:00 2018;;;;
36.68945575;-4.448606902;1.801524758;Thu May 10 17:03:20 GMT+02:00 2018;;;;
36.68918351;-4.448672525;1.252291441;Thu May 10 17:03:03 GMT+02:00 2018;;;;
36.68893135;-4.448804675;1.273950696;Thu May 10 17:02:44 GMT+02:00 2018;;;;
36.68879228;-4.449102621;1.048892617;Thu May 10 17:02:15 GMT+02:00 2018;;;;
36.68886995;-4.449429262;1.668671608;Thu May 10 17:01:58 GMT+02:00 2018;;;;
36.68899548;-4.449751292;1.341570139;Thu May 10 17:01:42 GMT+02:00 2018;;;;
36.68889803;-4.45007655;2.153489828;Thu May 10 17:01:20 GMT+02:00 2018;;;;
36.68866208;-4.45026912;0.925875902;Thu May 10 17:01:09 GMT+02:00 2018;;;;
36.68841005;-4.450407603;1.237080932;Thu May 10 17:00:50 GMT+02:00 2018;;;;
36.6881389;-4.450506963;1.555072308;Thu May 10 17:00:28 GMT+02:00 2018;;;;
36.68788536;-4.450646725;1.453738689;Thu May 10 17:00:10 GMT+02:00 2018;;;;
36.68760709;-4.450714471;1.243398428;Thu May 10 16:59:43 GMT+02:00 2018;;;;
36.68753553;-4.450389551;1.425078511;Thu May 10 16:59:23 GMT+02:00 2018;;;;
36.68741956;-4.450079655;1.462514043;Thu May 10 16:59:04 GMT+02:00 2018;;;;
36.6873471;-4.449752082;1.557069778;Thu May 10 16:58:46 GMT+02:00 2018;;;;
36.68724347;-4.449441811;1.488925576;Thu May 10 16:58:31 GMT+02:00 2018;;;;
36.68709949;-4.449134454;0.739247799;Thu May 10 16:58:13 GMT+02:00 2018;;;;
36.68722647;-4.448831165;1.25405395;Thu May 10 16:57:41 GMT+02:00 2018;;;;
36.68749814;-4.448733329;1.01512301;Thu May 10 16:57:27 GMT+02:00 2018;;;;
36.68776495;-4.448647079;1.146515369;Thu May 10 16:57:10 GMT+02:00 2018;;;;
36.68803539;-4.448616308;0.696072221;Thu May 10 16:55:58 GMT+02:00 2018;;;;
36.68817166;-4.44891915;1.572007895;Thu May 10 16:55:36 GMT+02:00 2018;;;;
36.68811174;-4.449250239;0.971597612;Thu May 10 16:40:24 GMT+02:00 2018;;;;
36.68789382;-4.44949671;1.127219796;Thu May 10 16:34:58 GMT+02:00 2018;;;;
36.68812072;-4.449249691;0.743809462;Thu May 10 16:26:08 GMT+02:00 2018;;;;
36.68833546;-4.449039726;0.656457186;Thu May 10 16:24:49 GMT+02:00 2018;;;;
36.68856452;-4.449219285;1.228138566;Thu May 10 16:24:12 GMT+02:00 2018;;;;
36.68868083;-4.449525628;0.582416713;Thu May 10 16:23:55 GMT+02:00 2018;;;;
36.68876457;-4.449853893;0.966893911;Thu May 10 16:23:29 GMT+02:00 2018;;;;
36.6890228;-4.44997525;0.992387116;Thu May 10 16:23:04 GMT+02:00 2018;;;;
36.68918437;-4.450250738;1.160188437;Thu May 10 16:22:46 GMT+02:00 2018;;;;
36.68945469;-4.450212527;1.403789282;Thu May 10 16:22:23 GMT+02:00 2018;;;;
36.68970143;-4.450069376;1.143321276;Thu May 10 16:22:04 GMT+02:00 2018;;;;
36.68995469;-4.449946862;0.850764573;Thu May 10 16:21:42 GMT+02:00 2018;;;;
36.69019839;-4.449793832;1.365840077;Thu May 10 16:21:20 GMT+02:00 2018;;;;
36.69046603;-4.449738563;1.427758694;Thu May 10 16:21:00 GMT+02:00 2018;;;;
36.69070671;-4.449584724;0.98379153;Thu May 10 16:20:41 GMT+02:00 2018;;;;
36.69096859;-4.449477122;0.5656901;Thu May 10 16:20:17 GMT+02:00 2018;;;;
36.69116572;-4.449244241;1.881902099;Thu May 10 16:19:58 GMT+02:00 2018;;;;
36.69144881;-4.449302187;0.946077943;Thu May 10 16:19:37 GMT+02:00 2018;;;;
36.6914711;-4.449638213;0.961576164;Thu May 10 16:19:21 GMT+02:00 2018;;;;
36.69168455;-4.449855291;1.062834382;Thu May 10 16:19:03 GMT+02:00 2018;;;;
36.69194401;-4.449968984;1.181759834;Thu May 10 16:18:20 GMT+02:00 2018;;;;
36.69220603;-4.449818649;1.094581723;Thu May 10 16:17:58 GMT+02:00 2018;;;;
36.69246601;-4.449695463;1.329975128;Thu May 10 16:17:35 GMT+02:00 2018;;;;
36.69269415;-4.449514086;0.941780746;Thu May 10 16:17:12 GMT+02:00 2018;;;;
36.69293044;-4.449335261;1.392820477;Thu May 10 16:16:57 GMT+02:00 2018;;;;
36.69320458;-4.449276925;0.78947854;Thu May 10 16:16:36 GMT+02:00 2018;;;;
36.69348237;-4.44924851;0.573520601;Thu May 10 16:16:21 GMT+02:00 2018;;;;
36.69372073;-4.449431723;0.972670853;Thu May 10 16:15:53 GMT+02:00 2018;;;;
36.6939085;-4.449693127;0.558777094;Thu May 10 16:15:20 GMT+02:00 2018;;;;
36.69387499;-4.450028307;1.519125938;Thu May 10 16:15:07 GMT+02:00 2018;;;;
36.69413678;-4.450185495;1.486999035;Thu May 10 16:14:47 GMT+02:00 2018;;;;
36.69440952;-4.450214886;0.879336536;Thu May 10 16:14:22 GMT+02:00 2018;;;;
36.69463216;-4.450407599;1.111578822;Thu May 10 16:14:03 GMT+02:00 2018;;;;
36.69481392;-4.450680147;0.834863245;Thu May 10 16:13:45 GMT+02:00 2018;;;;
36.69505684;-4.450881923;0.846779525;Thu May 10 16:13:26 GMT+02:00 2018;;;;
36.69524139;-4.451137843;1.124034286;Thu May 10 16:12:47 GMT+02:00 2018;;;;
36.69543706;-4.450874552;1.478493571;Thu May 10 16:12:27 GMT+02:00 2018;;;;
36.69569844;-4.450752959;0.890302777;Thu May 10 16:11:55 GMT+02:00 2018;;;;
36.69597159;-4.45077712;0.721625388;Thu May 10 16:11:12 GMT+02:00 2018;;;;
36.69614493;-4.451046395;1.307507157;Thu May 10 16:10:49 GMT+02:00 2018;;;;
36.69638568;-4.451221159;0.898231208;Thu May 10 16:10:25 GMT+02:00 2018;;;;
36.69664684;-4.451122571;1.149382234;Thu May 10 16:10:07 GMT+02:00 2018;;;;
36.69692228;-4.451141889;1.604632378;Thu May 10 16:09:45 GMT+02:00 2018;;;;
36.69719785;-4.451087645;0.915607274;Thu May 10 16:09:09 GMT+02:00 2018;;;;
36.69745392;-4.45097047;1.14592576;Thu May 10 16:08:53 GMT+02:00 2018;;;;
36.69772897;-4.450999555;0.429126561;Thu May 10 16:08:16 GMT+02:00 2018;;;;
36.69800422;-4.450962825;0.778566301;Thu May 10 16:07:47 GMT+02:00 2018;;;;
36.69823831;-4.450792313;0.938539505;Thu May 10 16:07:17 GMT+02:00 2018;;;;
36.69844144;-4.450561895;1.220046401;Thu May 10 16:06:57 GMT+02:00 2018;;;;
36.69814457;-4.450662107;0.931059659;Thu May 10 16:06:08 GMT+02:00 2018;;;;
36.69837822;-4.450481384;0.90924418;Thu May 10 16:03:41 GMT+02:00 2018;;;;
36.69821104;-4.450748302;1.253558517;Thu May 10 16:02:42 GMT+02:00 2018;;;;
36.69822133;-4.450339502;0.487208426;Thu May 10 16:01:20 GMT+02:00 2018;;;;
36.69815976;-4.450675215;0.763665497;Thu May 10 15:59:35 GMT+02:00 2018;;;;
36.69828828;-4.450370452;0.850828946;Thu May 10 15:59:30 GMT+02:00 2018;;;;
36.69852042;-4.450599605;3.578306437;Thu May 10 15:43:00 GMT+02:00 2018;;;;
36.69822402;-4.450448386;1.275632977;Thu May 10 15:42:59 GMT+02:00 2018;;;;
36.69850398;-4.450600276;1.05072546;Thu May 10 15:17:37 GMT+02:00 2018;;;;
36.69825022;-4.450478234;0.873964906;Thu May 10 15:15:39 GMT+02:00 2018;;;;
36.69800232;-4.450294815;0.453320086;Thu May 10 15:15:32 GMT+02:00 2018;;;;
36.69799732;-4.450657876;8.717791557;Thu May 10 15:15:30 GMT+02:00 2018;;;;
36.69793647;-4.450294995;3.819702387;Thu May 10 15:15:27 GMT+02:00 2018;;;;
36.69863465;-4.45053949;0.613144994;Thu May 10 15:13:10 GMT+02:00 2018;;;;
36.69882562;-4.450264295;4.325613976;Thu May 10 15:13:00 GMT+02:00 2018;;;;
36.69887767;-4.449932618;5.012261391;Thu May 10 15:12:52 GMT+02:00 2018;;;;
36.6987211;-4.449630608;4.067984581;Thu May 10 15:12:45 GMT+02:00 2018;;;;
36.69859996;-4.44932711;4.948177338;Thu May 10 15:12:39 GMT+02:00 2018;;;;
36.69841313;-4.449065045;6.085069656;Thu May 10 15:12:34 GMT+02:00 2018;;;;
36.69823009;-4.448809292;4.649376392;Thu May 10 15:12:29 GMT+02:00 2018;;;;
36.69804502;-4.448519624;4.469858646;Thu May 10 15:12:22 GMT+02:00 2018;;;;
36.69801202;-4.448142663;3.181975603;Thu May 10 15:12:08 GMT+02:00 2018;;;;
36.69770606;-4.448079986;3.644575119;Thu May 10 15:11:56 GMT+02:00 2018;;;;
36.69757334;-4.447753221;4.150221348;Thu May 10 15:11:49 GMT+02:00 2018;;;;
36.69742162;-4.447470509;3.521287918;Thu May 10 15:11:44 GMT+02:00 2018;;;;
36.6972561;-4.447195694;4.798158646;Thu May 10 15:11:38 GMT+02:00 2018;;;;
36.6971656;-4.446868086;2.082008839;Thu May 10 15:11:32 GMT+02:00 2018;;;;
36.69722423;-4.446527518;2.459678173;Thu May 10 15:11:21 GMT+02:00 2018;;;;
36.69702454;-4.446300532;4.503196716;Thu May 10 15:11:04 GMT+02:00 2018;;;;
36.69693518;-4.44594647;3.543291807;Thu May 10 15:10:56 GMT+02:00 2018;;;;
36.69682726;-4.445601986;3.225459337;Thu May 10 15:10:47 GMT+02:00 2018;;;;
36.69666891;-4.445287375;4.288752079;Thu May 10 15:10:39 GMT+02:00 2018;;;;
36.69647405;-4.445042091;4.281160355;Thu May 10 15:10:34 GMT+02:00 2018;;;;
36.69624371;-4.444822367;4.20787859;Thu May 10 15:10:27 GMT+02:00 2018;;;;
36.69616056;-4.44449648;4.271258354;Thu May 10 15:09:46 GMT+02:00 2018;;;;
36.69602064;-4.444196987;1.604816556;Thu May 10 15:09:30 GMT+02:00 2018;;;;
36.69584418;-4.443925721;1.081994653;Thu May 10 15:09:02 GMT+02:00 2018;;;;
36.69575532;-4.443605253;1.023152351;Thu May 10 15:08:38 GMT+02:00 2018;;;;
36.69559872;-4.443317161;1.148731947;Thu May 10 15:07:31 GMT+02:00 2018;;;;
36.69545799;-4.443025833;0.541176915;Thu May 10 15:06:55 GMT+02:00 2018;;;;
36.69526925;-4.442781524;1.005273104;Thu May 10 15:05:57 GMT+02:00 2018;;;;
36.69519073;-4.442456344;1.104740381;Thu May 10 15:05:35 GMT+02:00 2018;;;;
36.69498836;-4.442221743;1.34721148;Thu May 10 15:05:17 GMT+02:00 2018;;;;
36.69489173;-4.441905256;0.996203005;Thu May 10 15:04:57 GMT+02:00 2018;;;;
36.69473389;-4.441619818;0.993442357;Thu May 10 15:04:31 GMT+02:00 2018;;;;
36.69469888;-4.441280566;1.151721358;Thu May 10 15:04:16 GMT+02:00 2018;;;;
36.69453138;-4.440989242;1.010757923;Thu May 10 15:03:55 GMT+02:00 2018;;;;
36.69439772;-4.440695062;1.226277947;Thu May 10 15:03:32 GMT+02:00 2018;;;;
36.6944015;-4.440339289;0.6110062;Thu May 10 15:03:15 GMT+02:00 2018;;;;
36.69444264;-4.440000893;1.221557498;Thu May 10 15:02:02 GMT+02:00 2018;;;;
36.69466736;-4.439801011;0.375927776;Thu May 10 15:01:40 GMT+02:00 2018;;;;
36.69489678;-4.439612457;1.372660279;Thu May 10 15:01:20 GMT+02:00 2018;;;;
36.69516263;-4.439499786;0.530430615;Thu May 10 15:01:05 GMT+02:00 2018;;;;
36.69535549;-4.439255254;1.144804597;Thu May 10 15:00:35 GMT+02:00 2018;;;;
36.69538239;-4.438918096;2.108611584;Thu May 10 14:59:56 GMT+02:00 2018;;;;
36.69551681;-4.438583122;3.02063942;Thu May 10 14:59:49 GMT+02:00 2018;;;;
36.69579591;-4.438542942;2.750072956;Thu May 10 14:59:38 GMT+02:00 2018;;;;
36.6960348;-4.438353143;2.862552404;Thu May 10 14:59:28 GMT+02:00 2018;;;;
36.6963267;-4.438322274;2.983641863;Thu May 10 14:59:17 GMT+02:00 2018;;;;
36.69657215;-4.438133415;2.767193794;Thu May 10 14:59:08 GMT+02:00 2018;;;;
36.69680009;-4.437931848;3.44856286;Thu May 10 14:59:02 GMT+02:00 2018;;;;
36.69705804;-4.437743613;2.126512289;Thu May 10 14:58:55 GMT+02:00 2018;;;;
36.69725132;-4.437473364;2.677673101;Thu May 10 14:58:39 GMT+02:00 2018;;;;
36.69749393;-4.437295789;2.713038921;Thu May 10 14:58:29 GMT+02:00 2018;;;;
36.69773982;-4.437119615;3.989628315;Thu May 10 14:58:22 GMT+02:00 2018;;;;
36.69801037;-4.436931042;1.708480239;Thu May 10 14:58:13 GMT+02:00 2018;;;;
36.698244;-4.43675605;2.403447866;Thu May 10 14:58:03 GMT+02:00 2018;;;;
36.69847606;-4.43656253;3.118055105;Thu May 10 14:57:54 GMT+02:00 2018;;;;
36.69874198;-4.436383967;3.425524235;Thu May 10 14:57:45 GMT+02:00 2018;;;;
36.69899532;-4.436199404;3.198698759;Thu May 10 14:57:36 GMT+02:00 2018;;;;
36.69926096;-4.436026255;3.149020433;Thu May 10 14:57:27 GMT+02:00 2018;;;;
36.69952586;-4.435851566;3.056663752;Thu May 10 14:57:16 GMT+02:00 2018;;;;
36.69976997;-4.43569531;2.678157091;Thu May 10 14:57:06 GMT+02:00 2018;;;;
36.70004861;-4.435605063;2.649130106;Thu May 10 14:56:55 GMT+02:00 2018;;;;
36.70032042;-4.435504397;2.966312647;Thu May 10 14:56:46 GMT+02:00 2018;;;;
36.70060135;-4.435548199;1.955227971;Thu May 10 14:56:35 GMT+02:00 2018;;;;
36.70077993;-4.435282298;2.860846519;Thu May 10 14:56:24 GMT+02:00 2018;;;;
36.70097404;-4.435013659;3.386091232;Thu May 10 14:56:13 GMT+02:00 2018;;;;
36.70117486;-4.434771898;2.72564292;Thu May 10 14:56:04 GMT+02:00 2018;;;;
36.70137905;-4.434507158;3.369948864;Thu May 10 14:55:54 GMT+02:00 2018;;;;
36.70155391;-4.434203254;2.528959513;Thu May 10 14:55:43 GMT+02:00 2018;;;;
36.70175002;-4.433940676;1.819641471;Thu May 10 14:55:31 GMT+02:00 2018;;;;
36.70196453;-4.433709332;2.130770206;Thu May 10 14:55:17 GMT+02:00 2018;;;;
36.7022128;-4.433536743;2.096901894;Thu May 10 14:55:04 GMT+02:00 2018;;;;
36.70244713;-4.433348238;1.183845401;Thu May 10 14:54:36 GMT+02:00 2018;;;;
36.70268331;-4.433182344;1.328034043;Thu May 10 14:54:12 GMT+02:00 2018;;;;
36.70292463;-4.433030626;1.313798547;Thu May 10 14:53:51 GMT+02:00 2018;;;;
36.7031443;-4.432824836;1.015960217;Thu May 10 14:53:30 GMT+02:00 2018;;;;
36.70338103;-4.432652669;1.442545652;Thu May 10 14:53:10 GMT+02:00 2018;;;;
36.70361573;-4.43246981;1.362758517;Thu May 10 14:52:48 GMT+02:00 2018;;;;
36.70385364;-4.432286016;1.177979708;Thu May 10 14:52:25 GMT+02:00 2018;;;;
36.70409803;-4.432109771;1.103785515;Thu May 10 14:52:03 GMT+02:00 2018;;;;
36.70432884;-4.431919095;1.236551166;Thu May 10 14:51:41 GMT+02:00 2018;;;;
36.7045619;-4.43173894;1.087049484;Thu May 10 14:51:20 GMT+02:00 2018;;;;
36.70479557;-4.431559788;0.690481782;Thu May 10 14:50:55 GMT+02:00 2018;;;;
36.70500785;-4.431347863;1.0964849;Thu May 10 14:50:34 GMT+02:00 2018;;;;
36.70525226;-4.431178507;1.538331628;Thu May 10 14:50:12 GMT+02:00 2018;;;;
36.70546742;-4.430959028;1.02507782;Thu May 10 14:49:48 GMT+02:00 2018;;;;
36.70570439;-4.430776205;1.201755047;Thu May 10 14:49:28 GMT+02:00 2018;;;;
36.70594411;-4.430615359;1.326603651;Thu May 10 14:49:09 GMT+02:00 2018;;;;
36.70617204;-4.430409606;1.302534819;Thu May 10 14:48:48 GMT+02:00 2018;;;;
36.70642386;-4.430249171;1.209421039;Thu May 10 14:48:28 GMT+02:00 2018;;;;
36.70665093;-4.430041039;0.773153484;Thu May 10 14:48:09 GMT+02:00 2018;;;;
36.70688036;-4.429848726;1.395200729;Thu May 10 14:47:49 GMT+02:00 2018;;;;
36.70707382;-4.429609593;1.234256625;Thu May 10 14:47:28 GMT+02:00 2018;;;;
36.70729454;-4.429406538;1.294316053;Thu May 10 14:47:05 GMT+02:00 2018;;;;
36.70751732;-4.429204192;1.22337997;Thu May 10 14:46:47 GMT+02:00 2018;;;;
36.70772602;-4.428984102;1.399257183;Thu May 10 14:46:26 GMT+02:00 2018;;;;
36.70797849;-4.428842579;1.455976248;Thu May 10 14:46:06 GMT+02:00 2018;;;;
36.70822457;-4.428674631;1.431959271;Thu May 10 14:45:45 GMT+02:00 2018;;;;
36.70845518;-4.428499007;1.05973959;Thu May 10 14:45:25 GMT+02:00 2018;;;;
36.70867869;-4.42829059;1.239033341;Thu May 10 14:45:05 GMT+02:00 2018;;;;
36.70888998;-4.428057709;1.279232025;Thu May 10 14:44:44 GMT+02:00 2018;;;;
36.7091095;-4.42784358;1.218302488;Thu May 10 14:44:23 GMT+02:00 2018;;;;
36.70931243;-4.427621633;0.781685591;Thu May 10 14:44:01 GMT+02:00 2018;;;;
36.70952982;-4.427413294;1.277983546;Thu May 10 14:43:43 GMT+02:00 2018;;;;
36.70978789;-4.427280843;1.142050862;Thu May 10 14:43:20 GMT+02:00 2018;;;;
36.71002451;-4.427107145;0.932846546;Thu May 10 14:43:00 GMT+02:00 2018;;;;
36.71023931;-4.426877449;0.912989855;Thu May 10 14:42:38 GMT+02:00 2018;;;;
36.71044371;-4.426640253;1.302370906;Thu May 10 14:42:17 GMT+02:00 2018;;;;
36.71066168;-4.426422849;1.307029247;Thu May 10 14:41:55 GMT+02:00 2018;;;;
36.71087697;-4.426208011;1.230692387;Thu May 10 14:41:31 GMT+02:00 2018;;;;
36.71106753;-4.425966535;1.254086971;Thu May 10 14:41:09 GMT+02:00 2018;;;;
36.71129119;-4.425765411;1.333109736;Thu May 10 14:40:48 GMT+02:00 2018;;;;
36.71150335;-4.425554699;0.984495878;Thu May 10 14:40:27 GMT+02:00 2018;;;;
36.71176178;-4.425690095;0.972344577;Thu May 10 14:39:43 GMT+02:00 2018;;;;
36.71203524;-4.425664564;1.145663619;Thu May 10 14:39:22 GMT+02:00 2018;;;;
36.7123065;-4.425661692;1.467929244;Thu May 10 14:39:01 GMT+02:00 2018;;;;
36.71258698;-4.425654877;1.232615471;Thu May 10 14:38:38 GMT+02:00 2018;;;;
36.71285968;-4.425684209;1.231731296;Thu May 10 14:38:15 GMT+02:00 2018;;;;
36.71313573;-4.425710292;1.356402397;Thu May 10 14:37:52 GMT+02:00 2018;;;;
36.7134014;-4.425777479;2.677887678;Thu May 10 14:37:27 GMT+02:00 2018;;;;
36.71368907;-4.425779089;2.967451811;Thu May 10 14:37:17 GMT+02:00 2018;;;;
36.71396576;-4.425771486;2.961494446;Thu May 10 14:37:08 GMT+02:00 2018;;;;
36.71423702;-4.425809498;2.482119322;Thu May 10 14:36:57 GMT+02:00 2018;;;;
36.71451933;-4.425794027;1.679208994;Thu May 10 14:36:05 GMT+02:00 2018;;;;
36.71478899;-4.425767921;0.976716578;Thu May 10 14:24:06 GMT+02:00 2018;;;;
36.71452032;-4.425836177;2.616167545;Thu May 10 14:17:51 GMT+02:00 2018;;;;
36.7147129;-4.425596172;2.51963377;Thu May 10 14:17:00 GMT+02:00 2018;;;;
36.71497688;-4.425724692;3.489156485;Thu May 10 14:16:49 GMT+02:00 2018;;;;
36.71526748;-4.425749767;3.252772808;Thu May 10 14:16:41 GMT+02:00 2018;;;;
36.71553802;-4.425731273;2.829067469;Thu May 10 14:16:32 GMT+02:00 2018;;;;
36.71581905;-4.425694275;3.161269903;Thu May 10 14:16:21 GMT+02:00 2018;;;;
36.71611286;-4.425692911;3.718430996;Thu May 10 14:16:12 GMT+02:00 2018;;;;
36.71641865;-4.42565494;2.600151062;Thu May 10 14:16:02 GMT+02:00 2018;;;;
36.71665314;-4.425840216;3.609101057;Thu May 10 14:15:39 GMT+02:00 2018;;;;
36.71658168;-4.4261724;3.185026407;Thu May 10 14:15:29 GMT+02:00 2018;;;;
36.71650343;-4.426506199;3.07456398;Thu May 10 14:15:20 GMT+02:00 2018;;;;
36.71648353;-4.426854054;3.348147392;Thu May 10 14:15:11 GMT+02:00 2018;;;;
36.71635492;-4.427184352;2.792209625;Thu May 10 14:15:03 GMT+02:00 2018;;;;
36.71623627;-4.427510818;3.278553963;Thu May 10 14:14:52 GMT+02:00 2018;;;;
36.71633717;-4.42784176;2.111414909;Thu May 10 14:14:42 GMT+02:00 2018;;;;
36.71627104;-4.42820248;3.41633296;Thu May 10 14:14:29 GMT+02:00 2018;;;;
36.71609131;-4.428468912;3.006955624;Thu May 10 14:14:20 GMT+02:00 2018;;;;
36.71608968;-4.428837951;2.78235364;Thu May 10 14:14:13 GMT+02:00 2018;;;;
36.71604921;-4.429201255;3.870928288;Thu May 10 14:14:07 GMT+02:00 2018;;;;
36.71618412;-4.42956365;2.842115164;Thu May 10 14:13:49 GMT+02:00 2018;;;;
36.71632454;-4.429881259;3.275992155;Thu May 10 14:13:40 GMT+02:00 2018;;;;
36.71658922;-4.429950435;2.428514957;Thu May 10 14:13:31 GMT+02:00 2018;;;;
36.71670179;-4.430263863;4.305558205;Thu May 10 14:13:20 GMT+02:00 2018;;;;
36.71699348;-4.430367605;2.204998493;Thu May 10 14:12:37 GMT+02:00 2018;;;;
36.71728849;-4.430313274;3.017820835;Thu May 10 14:12:28 GMT+02:00 2018;;;;
36.71756139;-4.430362301;2.2411201;Thu May 10 14:12:20 GMT+02:00 2018;;;;
36.717712;-4.430663427;1.339666367;Thu May 10 14:12:03 GMT+02:00 2018;;;;
36.71791989;-4.430891966;1.220758319;Thu May 10 14:11:37 GMT+02:00 2018;;;;
36.71801894;-4.431221096;1.828520894;Thu May 10 14:11:10 GMT+02:00 2018;;;;
36.71819762;-4.431481129;0.997556865;Thu May 10 14:10:50 GMT+02:00 2018;;;;
36.71841387;-4.431765037;1.274006128;Thu May 10 14:10:42 GMT+02:00 2018;;;;
36.7182946;-4.4320496;0;Thu May 10 11:38:47 GMT+02:00 2018;;;;
